Calf ID,Strain,Day,Replicate,Plate count,Broth Enrichment
601209,9000WT,0,1,0.00E+00,0
601209,9000WT,0,2,0.00E+00,0
601209,9000WT,0,3,0.00E+00,0
601209,9000WT,1,1,0.00E+00,0
601209,9000WT,1,2,0.00E+00,0
601209,9000WT,1,3,0.00E+00,0
601209,9000WT,2,1,0.00E+00,0
601209,9000WT,2,2,0.00E+00,0
601209,9000WT,2,3,0.00E+00,0
601209,9000WT,3,1,0.00E+00,0
601209,9000WT,3,2,0.00E+00,0
601209,9000WT,3,3,0.00E+00,0
601209,9000WT,4,1,0.00E+00,10
601209,9000WT,4,2,0.00E+00,10
601209,9000WT,4,3,0.00E+00,10
601209,9000WT,5,1,0.00E+00,0
601209,9000WT,5,2,0.00E+00,0
601209,9000WT,5,3,0.00E+00,0
601209,9000WT,6,1,0.00E+00,0
601209,9000WT,6,2,0.00E+00,0
601209,9000WT,6,3,0.00E+00,0
601209,9000WT,7,1,0.00E+00,0
601209,9000WT,7,2,0.00E+00,0
601209,9000WT,7,3,0.00E+00,0
601209,9000WT,8,1,0.00E+00,0
601209,9000WT,8,2,0.00E+00,0
601209,9000WT,8,3,0.00E+00,0
601209,9000WT,9,1,,
601209,9000WT,9,2,,
601209,9000WT,9,3,,
601209,9000WT,10,1,,
601209,9000WT,10,2,,
601209,9000WT,10,3,,
601209,9000WT,11,1,,
601209,9000WT,11,2,,
601209,9000WT,11,3,,
601209,9000WT,12,1,,
601209,9000WT,12,2,,
601209,9000WT,12,3,,
601209,9000WT,13,1,,
601209,9000WT,13,2,,
601209,9000WT,13,3,,
601209,9000WT,15,1,,
601209,9000WT,15,2,,
601209,9000WT,15,3,,
601209,9000WT,16,1,,
601209,9000WT,16,2,,
601209,9000WT,16,3,,
601209,9000WT,17,1,,
601209,9000WT,17,2,,
601209,9000WT,17,3,,
601209,9000WT,18,1,,
601209,9000WT,18,2,,
601209,9000WT,18,3,,
,,,,,
,,,,,
,,,,,
601101,9000WT,0,1,0.00E+00,0
601101,9000WT,0,2,0.00E+00,0
601101,9000WT,0,3,0.00E+00,0
601101,9000WT,1,1,0.00E+00,0
601101,9000WT,1,2,0.00E+00,0
601101,9000WT,1,3,0.00E+00,0
601101,9000WT,2,1,0.00E+00,0
601101,9000WT,2,2,0.00E+00,0
601101,9000WT,2,3,0.00E+00,0
601101,9000WT,3,1,0.00E+00,0
601101,9000WT,3,2,0.00E+00,0
601101,9000WT,3,3,0.00E+00,0
601101,9000WT,4,1,0.00E+00,0
601101,9000WT,4,2,0.00E+00,0
601101,9000WT,4,3,0.00E+00,0
601101,9000WT,5,1,0.00E+00,10
601101,9000WT,5,2,0.00E+00,10
601101,9000WT,5,3,0.00E+00,10
601101,9000WT,6,1,0.00E+00,0
601101,9000WT,6,2,0.00E+00,0
601101,9000WT,6,3,0.00E+00,0
601101,9000WT,7,1,0.00E+00,10
601101,9000WT,7,2,0.00E+00,10
601101,9000WT,7,3,0.00E+00,10
601101,9000WT,8,1,0.00E+00,0
601101,9000WT,8,2,0.00E+00,0
601101,9000WT,8,3,0.00E+00,0
601101,9000WT,9,1,0.00E+00,0
601101,9000WT,9,2,0.00E+00,0
601101,9000WT,9,3,0.00E+00,0
601101,9000WT,10,1,0.00E+00,0
601101,9000WT,10,2,0.00E+00,0
601101,9000WT,10,3,0.00E+00,0
601101,9000WT,11,1,0.00E+00,10
601101,9000WT,11,2,0.00E+00,10
601101,9000WT,11,3,0.00E+00,10
601101,9000WT,12,1,0.00E+00,0
601101,9000WT,12,2,0.00E+00,0
601101,9000WT,12,3,0.00E+00,0
601101,9000WT,13,1,0.00E+00,0
601101,9000WT,13,2,0.00E+00,0
601101,9000WT,13,3,0.00E+00,0
601101,9000WT,15,1,0.00E+00,0
601101,9000WT,15,2,0.00E+00,0
601101,9000WT,15,3,0.00E+00,0
601101,9000WT,16,1,0.00E+00,0
601101,9000WT,16,2,0.00E+00,0
601101,9000WT,16,3,0.00E+00,0
601101,9000WT,17,1,0.00E+00,0
601101,9000WT,17,2,0.00E+00,0
601101,9000WT,17,3,0.00E+00,0
601101,9000WT,18,1,0.00E+00,0
601101,9000WT,18,2,0.00E+00,0
601101,9000WT,18,3,0.00E+00,0
,,,,,
,,,,,
,,,,,
403354,9000WT,0,1,0.00E+00,0
403354,9000WT,0,2,0.00E+00,0
403354,9000WT,0,3,0.00E+00,0
403354,9000WT,1,1,0.00E+00,10
403354,9000WT,1,2,0.00E+00,10
403354,9000WT,1,3,0.00E+00,10
403354,9000WT,2,1,0.00E+00,0
403354,9000WT,2,2,0.00E+00,0
403354,9000WT,2,3,0.00E+00,0
403354,9000WT,3,1,1.00E+02,na
403354,9000WT,3,2,0.00E+00,na
403354,9000WT,3,3,2.00E+02,na
403354,9000WT,4,1,0.00E+00,0
403354,9000WT,4,2,0.00E+00,0
403354,9000WT,4,3,0.00E+00,0
403354,9000WT,5,1,0.00E+00,0
403354,9000WT,5,2,0.00E+00,0
403354,9000WT,5,3,0.00E+00,0
403354,9000WT,6,1,0.00E+00,0
403354,9000WT,6,2,0.00E+00,0
403354,9000WT,6,3,0.00E+00,0
403354,9000WT,7,1,0.00E+00,0
403354,9000WT,7,2,0.00E+00,0
403354,9000WT,7,3,0.00E+00,0
403354,9000WT,8,1,0.00E+00,0
403354,9000WT,8,2,0.00E+00,0
403354,9000WT,8,3,0.00E+00,0
403354,9000WT,9,1,0.00E+00,10
403354,9000WT,9,2,0.00E+00,10
403354,9000WT,9,3,0.00E+00,10
403354,9000WT,10,1,0.00E+00,10
403354,9000WT,10,2,0.00E+00,10
403354,9000WT,10,3,0.00E+00,10
403354,9000WT,11,1,0.00E+00,10
403354,9000WT,11,2,0.00E+00,10
403354,9000WT,11,3,0.00E+00,10
403354,9000WT,12,1,2.00E+02,na
403354,9000WT,12,2,0.00E+00,na
403354,9000WT,12,3,0.00E+00,na
403354,9000WT,13,1,0.00E+00,0
403354,9000WT,13,2,0.00E+00,0
403354,9000WT,13,3,0.00E+00,0
403354,9000WT,15,1,0.00E+00,0
403354,9000WT,15,2,0.00E+00,0
403354,9000WT,15,3,0.00E+00,0
403354,9000WT,16,1,0.00E+00,0
403354,9000WT,16,2,0.00E+00,0
403354,9000WT,16,3,0.00E+00,0
403354,9000WT,17,1,0.00E+00,0
403354,9000WT,17,2,0.00E+00,0
403354,9000WT,17,3,0.00E+00,0
403354,9000WT,18,1,0.00E+00,0
403354,9000WT,18,2,0.00E+00,0
403354,9000WT,18,3,0.00E+00,0
,,,,,
,,,,,
,,,,,
201205,9000WT,0,1,0.00E+00,0
201205,9000WT,0,2,0.00E+00,0
201205,9000WT,0,3,0.00E+00,0
201205,9000WT,1,1,0.00E+00,0
201205,9000WT,1,2,0.00E+00,0
201205,9000WT,1,3,0.00E+00,0
201205,9000WT,2,1,0.00E+00,0
201205,9000WT,2,2,0.00E+00,0
201205,9000WT,2,3,0.00E+00,0
201205,9000WT,3,1,0.00E+00,0
201205,9000WT,3,2,0.00E+00,0
201205,9000WT,3,3,0.00E+00,0
201205,9000WT,4,1,0.00E+00,0
201205,9000WT,4,2,0.00E+00,0
201205,9000WT,4,3,0.00E+00,0
201205,9000WT,5,1,0.00E+00,0
201205,9000WT,5,2,0.00E+00,0
201205,9000WT,5,3,0.00E+00,0
201205,9000WT,6,1,1.00E+02,na
201205,9000WT,6,2,0.00E+00,na
201205,9000WT,6,3,0.00E+00,na
201205,9000WT,7,1,2.27E+04,na
201205,9000WT,7,2,2.40E+04,na
201205,9000WT,7,3,2.08E+04,na
201205,9000WT,8,1,1.47E+04,na
201205,9000WT,8,2,1.45E+04,na
201205,9000WT,8,3,1.06E+04,na
201205,9000WT,9,1,2.20E+04,na
201205,9000WT,9,2,2.40E+04,na
201205,9000WT,9,3,2.90E+04,na
201205,9000WT,10,1,1.00E+02,na
201205,9000WT,10,2,1.00E+02,na
201205,9000WT,10,3,0.00E+00,na
201205,9000WT,11,1,1.00E+02,na
201205,9000WT,11,2,1.00E+02,na
201205,9000WT,11,3,0.00E+00,na
201205,9000WT,12,1,2.00E+02,na
201205,9000WT,12,2,0.00E+00,na
201205,9000WT,12,3,0.00E+00,na
201205,9000WT,13,1,1.00E+02,na
201205,9000WT,13,2,0.00E+00,na
201205,9000WT,13,3,0.00E+00,na
201205,9000WT,15,1,0.00E+00,0
201205,9000WT,15,2,0.00E+00,0
201205,9000WT,15,3,0.00E+00,0
201205,9000WT,16,1,0.00E+00,0
201205,9000WT,16,2,0.00E+00,0
201205,9000WT,16,3,0.00E+00,0
201205,9000WT,17,1,0.00E+00,0
201205,9000WT,17,2,0.00E+00,0
201205,9000WT,17,3,0.00E+00,0
201205,9000WT,18,1,0.00E+00,0
201205,9000WT,18,2,0.00E+00,0
201205,9000WT,18,3,0.00E+00,0
,,,,,
,,,,,
,,,,,
401099,9000WT,0,1,0.00E+00,0
401099,9000WT,0,2,0.00E+00,0
401099,9000WT,0,3,0.00E+00,0
401099,9000WT,1,1,0.00E+00,0
401099,9000WT,1,2,0.00E+00,0
401099,9000WT,1,3,0.00E+00,0
401099,9000WT,2,1,0.00E+00,0
401099,9000WT,2,2,0.00E+00,0
401099,9000WT,2,3,0.00E+00,0
401099,9000WT,3,1,0,10
401099,9000WT,3,2,0,10
401099,9000WT,3,3,0,10
401099,9000WT,4,1,0.00E+00,0
401099,9000WT,4,2,0.00E+00,0
401099,9000WT,4,3,0.00E+00,0
401099,9000WT,5,1,0.00E+00,0
401099,9000WT,5,2,0.00E+00,0
401099,9000WT,5,3,0.00E+00,0
401099,9000WT,6,1,0.00E+00,0
401099,9000WT,6,2,0.00E+00,0
401099,9000WT,6,3,0.00E+00,0
401099,9000WT,7,1,0.00E+00,0
401099,9000WT,7,2,0.00E+00,0
401099,9000WT,7,3,0.00E+00,0
401099,9000WT,8,1,0.00E+00,0
401099,9000WT,8,2,0.00E+00,0
401099,9000WT,8,3,0.00E+00,0
401099,9000WT,9,1,0.00E+00,0
401099,9000WT,9,2,0.00E+00,0
401099,9000WT,9,3,0.00E+00,0
401099,9000WT,10,1,0.00E+00,10
401099,9000WT,10,2,0.00E+00,10
401099,9000WT,10,3,0.00E+00,10
401099,9000WT,11,1,0.00E+00,0
401099,9000WT,11,2,0.00E+00,0
401099,9000WT,11,3,0.00E+00,0
401099,9000WT,12,1,0.00E+00,0
401099,9000WT,12,2,0.00E+00,0
401099,9000WT,12,3,0.00E+00,0
401099,9000WT,13,1,0.00E+00,0
401099,9000WT,13,2,0.00E+00,0
401099,9000WT,13,3,0.00E+00,0
401099,9000WT,15,1,0.00E+00,10
401099,9000WT,15,2,0.00E+00,10
401099,9000WT,15,3,0.00E+00,10
401099,9000WT,16,1,0.00E+00,0
401099,9000WT,16,2,0.00E+00,0
401099,9000WT,16,3,0.00E+00,0
401099,9000WT,17,1,0.00E+00,0
401099,9000WT,17,2,0.00E+00,0
401099,9000WT,17,3,0.00E+00,0
401099,9000WT,18,1,0.00E+00,10
401099,9000WT,18,2,0.00E+00,10
401099,9000WT,18,3,0.00E+00,10
,,,,,
,,,,,
,,,,,
401207,9000WT,0,1,0.00E+00,0
401207,9000WT,0,2,0.00E+00,0
401207,9000WT,0,3,0.00E+00,0
401207,9000WT,1,1,0.00E+00,0
401207,9000WT,1,2,0.00E+00,0
401207,9000WT,1,3,0.00E+00,0
401207,9000WT,2,1,0.00E+00,10
401207,9000WT,2,2,0.00E+00,10
401207,9000WT,2,3,0.00E+00,10
401207,9000WT,3,1,100,na
401207,9000WT,3,2,0,na
401207,9000WT,3,3,0,na
401207,9000WT,4,1,0.00E+00,10
401207,9000WT,4,2,0.00E+00,10
401207,9000WT,4,3,0.00E+00,10
401207,9000WT,5,1,0.00E+00,0
401207,9000WT,5,2,0.00E+00,0
401207,9000WT,5,3,0.00E+00,0
401207,9000WT,6,1,0.00E+00,0
401207,9000WT,6,2,0.00E+00,0
401207,9000WT,6,3,0.00E+00,0
401207,9000WT,7,1,0.00E+00,0
401207,9000WT,7,2,0.00E+00,0
401207,9000WT,7,3,0.00E+00,0
401207,9000WT,8,1,0.00E+00,0
401207,9000WT,8,2,0.00E+00,0
401207,9000WT,8,3,0.00E+00,0
401207,9000WT,9,1,0.00E+00,0
401207,9000WT,9,2,0.00E+00,0
401207,9000WT,9,3,0.00E+00,0
401207,9000WT,10,1,0.00E+00,0
401207,9000WT,10,2,0.00E+00,0
401207,9000WT,10,3,0.00E+00,0
401207,9000WT,11,1,0.00E+00,0
401207,9000WT,11,2,0.00E+00,0
401207,9000WT,11,3,0.00E+00,0
401207,9000WT,12,1,,
401207,9000WT,12,2,,
401207,9000WT,12,3,,
401207,9000WT,13,1,0.00E+00,0
401207,9000WT,13,2,0.00E+00,0
401207,9000WT,13,3,0.00E+00,0
401207,9000WT,15,1,0.00E+00,0
401207,9000WT,15,2,0.00E+00,0
401207,9000WT,15,3,0.00E+00,0
401207,9000WT,16,1,0.00E+00,0
401207,9000WT,16,2,0.00E+00,0
401207,9000WT,16,3,0.00E+00,0
401207,9000WT,17,1,0.00E+00,0
401207,9000WT,17,2,0.00E+00,0
401207,9000WT,17,3,0.00E+00,0
401207,9000WT,18,1,0.00E+00,10
401207,9000WT,18,2,0.00E+00,10
401207,9000WT,18,3,0.00E+00,10
,,,,,
,,,,,
,,,,,
501100,9000WT,0,1,0.00E+00,0
501100,9000WT,0,2,0.00E+00,0
501100,9000WT,0,3,0.00E+00,0
501100,9000WT,1,1,0.00E+00,0
501100,9000WT,1,2,0.00E+00,0
501100,9000WT,1,3,0.00E+00,0
501100,9000WT,2,1,0.00E+00,0
501100,9000WT,2,2,0.00E+00,0
501100,9000WT,2,3,0.00E+00,0
501100,9000WT,3,1,0.00E+00,0
501100,9000WT,3,2,0.00E+00,0
501100,9000WT,3,3,0.00E+00,0
501100,9000WT,4,1,0.00E+00,0
501100,9000WT,4,2,0.00E+00,0
501100,9000WT,4,3,0.00E+00,0
501100,9000WT,5,1,0.00E+00,0
501100,9000WT,5,2,0.00E+00,0
501100,9000WT,5,3,0.00E+00,0
501100,9000WT,6,1,0.00E+00,0
501100,9000WT,6,2,0.00E+00,0
501100,9000WT,6,3,0.00E+00,0
501100,9000WT,7,1,0.00E+00,0
501100,9000WT,7,2,0.00E+00,0
501100,9000WT,7,3,0.00E+00,0
501100,9000WT,8,1,0.00E+00,0
501100,9000WT,8,2,0.00E+00,0
501100,9000WT,8,3,0.00E+00,0
501100,9000WT,9,1,0.00E+00,0
501100,9000WT,9,2,0.00E+00,0
501100,9000WT,9,3,0.00E+00,0
501100,9000WT,10,1,0.00E+00,0
501100,9000WT,10,2,0.00E+00,0
501100,9000WT,10,3,0.00E+00,0
501100,9000WT,11,1,0.00E+00,0
501100,9000WT,11,2,0.00E+00,0
501100,9000WT,11,3,0.00E+00,0
501100,9000WT,12,1,,
501100,9000WT,12,2,,
501100,9000WT,12,3,,
501100,9000WT,13,1,0.00E+00,0
501100,9000WT,13,2,0.00E+00,0
501100,9000WT,13,3,0.00E+00,0
501100,9000WT,15,1,0.00E+00,0
501100,9000WT,15,2,0.00E+00,0
501100,9000WT,15,3,0.00E+00,0
501100,9000WT,16,1,0.00E+00,0
501100,9000WT,16,2,0.00E+00,0
501100,9000WT,16,3,0.00E+00,0
501100,9000WT,17,1,0.00E+00,0
501100,9000WT,17,2,0.00E+00,0
501100,9000WT,17,3,0.00E+00,0
501100,9000WT,18,1,0.00E+00,0
501100,9000WT,18,2,0.00E+00,0
501100,9000WT,18,3,0.00E+00,0
,,,,,
,,,,,
,,,,,
603477,9000WT,0,1,0,0
603477,9000WT,0,2,0,0
603477,9000WT,0,3,0,0
603477,9000WT,1,1,0,0
603477,9000WT,1,2,0,0
603477,9000WT,1,3,0,0
603477,9000WT,2,1,0,0
603477,9000WT,2,2,0,0
603477,9000WT,2,3,0,0
603477,9000WT,3,1,0,10
603477,9000WT,3,2,0,10
603477,9000WT,3,3,0,10
603477,9000WT,4,1,0,10
603477,9000WT,4,2,0,10
603477,9000WT,4,3,0,10
603477,9000WT,5,1,0,0
603477,9000WT,5,2,0,0
603477,9000WT,5,3,0,0
603477,9000WT,6,1,0,0
603477,9000WT,6,2,0,0
603477,9000WT,6,3,0,0
603477,9000WT,7,1,0,0
603477,9000WT,7,2,0,0
603477,9000WT,7,3,0,0
603477,9000WT,8,1,0,0
603477,9000WT,8,2,0,0
603477,9000WT,8,3,0,0
603477,9000WT,9,1,0,0
603477,9000WT,9,2,0,0
603477,9000WT,9,3,0,0
603477,9000WT,10,1,0,0
603477,9000WT,10,2,0,0
603477,9000WT,10,3,0,0
603477,9000WT,11,1,0,0
603477,9000WT,11,2,0,0
603477,9000WT,11,3,0,0
603477,9000WT,12,1,,
603477,9000WT,12,2,,
603477,9000WT,12,3,,
603477,9000WT,13,1,0,0
603477,9000WT,13,2,0,0
603477,9000WT,13,3,0,0
603477,9000WT,15,1,0,0
603477,9000WT,15,2,0,0
603477,9000WT,15,3,0,0
603477,9000WT,16,1,0,0
603477,9000WT,16,2,0,0
603477,9000WT,16,3,0,0
603477,9000WT,17,1,0,0
603477,9000WT,17,2,0,0
603477,9000WT,17,3,0,0
603477,9000WT,18,1,0,0
603477,9000WT,18,2,0,0
603477,9000WT,18,3,0,0
,,,,,
,,,,,
,,,,,
103351,9000WT,0,1,0.00E+00,0
103351,9000WT,0,2,0.00E+00,0
103351,9000WT,0,3,0.00E+00,0
103351,9000WT,1,1,0.00E+00,0
103351,9000WT,1,2,0.00E+00,0
103351,9000WT,1,3,0.00E+00,0
103351,9000WT,2,1,0.00E+00,0
103351,9000WT,2,2,0.00E+00,0
103351,9000WT,2,3,0.00E+00,0
103351,9000WT,3,1,0.00E+00,0
103351,9000WT,3,2,0.00E+00,0
103351,9000WT,3,3,0.00E+00,0
103351,9000WT,4,1,0.00E+00,10
103351,9000WT,4,2,0.00E+00,10
103351,9000WT,4,3,0.00E+00,10
103351,9000WT,5,1,0.00E+00,0
103351,9000WT,5,2,0.00E+00,0
103351,9000WT,5,3,0.00E+00,0
103351,9000WT,6,1,0.00E+00,10
103351,9000WT,6,2,0.00E+00,10
103351,9000WT,6,3,0.00E+00,10
103351,9000WT,7,1,0.00E+00,0
103351,9000WT,7,2,0.00E+00,0
103351,9000WT,7,3,0.00E+00,0
103351,9000WT,8,1,0.00E+00,0
103351,9000WT,8,2,0.00E+00,0
103351,9000WT,8,3,0.00E+00,0
103351,9000WT,9,1,0.00E+00,10
103351,9000WT,9,2,0.00E+00,10
103351,9000WT,9,3,0.00E+00,10
103351,9000WT,10,1,0.00E+00,0
103351,9000WT,10,2,0.00E+00,0
103351,9000WT,10,3,0.00E+00,0
103351,9000WT,11,1,0.00E+00,0
103351,9000WT,11,2,0.00E+00,0
103351,9000WT,11,3,0.00E+00,0
103351,9000WT,12,1,,
103351,9000WT,12,2,,
103351,9000WT,12,3,,
103351,9000WT,13,1,0.00E+00,0
103351,9000WT,13,2,0.00E+00,0
103351,9000WT,13,3,0.00E+00,0
103351,9000WT,15,1,0.00E+00,10
103351,9000WT,15,2,0.00E+00,10
103351,9000WT,15,3,0.00E+00,10
103351,9000WT,16,1,0.00E+00,0
103351,9000WT,16,2,0.00E+00,0
103351,9000WT,16,3,0.00E+00,0
103351,9000WT,17,1,0.00E+00,0
103351,9000WT,17,2,0.00E+00,0
103351,9000WT,17,3,0.00E+00,0
103351,9000WT,18,1,0.00E+00,0
103351,9000WT,18,2,0.00E+00,0
103351,9000WT,18,3,0.00E+00,0
,,,,,
,,,,,
,,,,,
503355,9000WT,0,1,0.00E+00,0
503355,9000WT,0,2,0.00E+00,0
503355,9000WT,0,3,0.00E+00,0
503355,9000WT,1,1,0.00E+00,0
503355,9000WT,1,2,0.00E+00,0
503355,9000WT,1,3,0.00E+00,0
503355,9000WT,2,1,0.00E+00,10
503355,9000WT,2,2,0.00E+00,10
503355,9000WT,2,3,0.00E+00,10
503355,9000WT,3,1,100,na
503355,9000WT,3,2,0,na
503355,9000WT,3,3,0,na
503355,9000WT,4,1,0.00E+00,0
503355,9000WT,4,2,0.00E+00,0
503355,9000WT,4,3,0.00E+00,0
503355,9000WT,5,1,0.00E+00,0
503355,9000WT,5,2,0.00E+00,0
503355,9000WT,5,3,0.00E+00,0
503355,9000WT,6,1,0.00E+00,0
503355,9000WT,6,2,0.00E+00,0
503355,9000WT,6,3,0.00E+00,0
503355,9000WT,7,1,0.00E+00,0
503355,9000WT,7,2,0.00E+00,0
503355,9000WT,7,3,0.00E+00,0
503355,9000WT,8,1,0.00E+00,0
503355,9000WT,8,2,0.00E+00,0
503355,9000WT,8,3,0.00E+00,0
503355,9000WT,9,1,0.00E+00,0
503355,9000WT,9,2,0.00E+00,0
503355,9000WT,9,3,0.00E+00,0
503355,9000WT,10,1,0.00E+00,0
503355,9000WT,10,2,0.00E+00,0
503355,9000WT,10,3,0.00E+00,0
503355,9000WT,11,1,0.00E+00,0
503355,9000WT,11,2,0.00E+00,0
503355,9000WT,11,3,0.00E+00,0
503355,9000WT,12,1,,
503355,9000WT,12,2,,
503355,9000WT,12,3,,
503355,9000WT,13,1,0.00E+00,0
503355,9000WT,13,2,0.00E+00,0
503355,9000WT,13,3,0.00E+00,0
503355,9000WT,15,1,0.00E+00,0
503355,9000WT,15,2,0.00E+00,0
503355,9000WT,15,3,0.00E+00,0
503355,9000WT,16,1,0.00E+00,0
503355,9000WT,16,2,0.00E+00,0
503355,9000WT,16,3,0.00E+00,0
503355,9000WT,17,1,0.00E+00,0
503355,9000WT,17,2,0.00E+00,0
503355,9000WT,17,3,0.00E+00,0
503355,9000WT,17,1,0.00E+00,0
503355,9000WT,17,2,0.00E+00,0
503355,9000WT,17,3,0.00E+00,0
,,,,,
,,,,,
,,,,,
103521,10671,0,1,0.00E+00,0
103521,10671,0,2,0.00E+00,0
103521,10671,0,3,0.00E+00,0
103521,10671,1,1,0.00E+00,0
103521,10671,1,2,0.00E+00,0
103521,10671,1,3,0.00E+00,0
103521,10671,2,1,0.00E+00,0
103521,10671,2,2,0.00E+00,0
103521,10671,2,3,0.00E+00,0
103521,10671,3,1,0.00E+00,0
103521,10671,3,2,0.00E+00,0
103521,10671,3,3,0.00E+00,0
103521,10671,4,1,0.00E+00,0
103521,10671,4,2,0.00E+00,0
103521,10671,4,3,0.00E+00,0
103521,10671,5,1,0.00E+00,0
103521,10671,5,2,0.00E+00,0
103521,10671,5,3,0.00E+00,0
103521,10671,6,1,0.00E+00,0
103521,10671,6,2,0.00E+00,0
103521,10671,6,3,0.00E+00,0
103521,10671,7,1,0.00E+00,0
103521,10671,7,2,0.00E+00,0
103521,10671,7,3,0.00E+00,0
103521,10671,8,1,0.00E+00,0
103521,10671,8,2,0.00E+00,0
103521,10671,8,3,0.00E+00,0
103521,10671,9,1,0.00E+00,0
103521,10671,9,2,0.00E+00,0
103521,10671,9,3,0.00E+00,0
103521,10671,10,1,0.00E+00,0
103521,10671,10,2,0.00E+00,0
103521,10671,10,3,0.00E+00,0
103521,10671,11,1,0.00E+00,0
103521,10671,11,2,0.00E+00,0
103521,10671,11,3,0.00E+00,0
103521,10671,12,1,0.00E+00,0
103521,10671,12,2,0.00E+00,0
103521,10671,12,3,0.00E+00,0
103521,10671,13,1,0.00E+00,0
103521,10671,13,2,0.00E+00,0
103521,10671,13,3,0.00E+00,0
103521,10671,15,1,0.00E+00,0
103521,10671,15,2,0.00E+00,0
103521,10671,15,3,0.00E+00,0
103521,10671,16,1,0.00E+00,0
103521,10671,16,2,0.00E+00,0
103521,10671,16,3,0.00E+00,0
103521,10671,17,1,0.00E+00,0
103521,10671,17,2,0.00E+00,0
103521,10671,17,3,0.00E+00,0
103521,10671,18,1,0.00E+00,0
103521,10671,18,2,0.00E+00,0
103521,10671,18,3,0.00E+00,0
,,,,,
,,,,,
,,,,,
303523,10671,0,1,0.00E+00,0
303523,10671,0,2,0.00E+00,0
303523,10671,0,3,0.00E+00,0
303523,10671,1,1,0.00E+00,0
303523,10671,1,2,0.00E+00,0
303523,10671,1,3,0.00E+00,0
303523,10671,2,1,0.00E+00,0
303523,10671,2,2,0.00E+00,0
303523,10671,2,3,0.00E+00,0
303523,10671,3,1,0.00E+00,0
303523,10671,3,2,0.00E+00,0
303523,10671,3,3,0.00E+00,0
303523,10671,4,1,0.00E+00,0
303523,10671,4,2,0.00E+00,0
303523,10671,4,3,0.00E+00,0
303523,10671,5,1,0.00E+00,0
303523,10671,5,2,0.00E+00,0
303523,10671,5,3,0.00E+00,0
303523,10671,6,1,0.00E+00,0
303523,10671,6,2,0.00E+00,0
303523,10671,6,3,0.00E+00,0
303523,10671,7,1,0.00E+00,0
303523,10671,7,2,0.00E+00,0
303523,10671,7,3,0.00E+00,0
303523,10671,8,1,0.00E+00,0
303523,10671,8,2,0.00E+00,0
303523,10671,8,3,0.00E+00,0
303523,10671,9,1,0.00E+00,0
303523,10671,9,2,0.00E+00,0
303523,10671,9,3,0.00E+00,0
303523,10671,10,1,0.00E+00,0
303523,10671,10,2,0.00E+00,0
303523,10671,10,3,0.00E+00,0
303523,10671,11,1,0.00E+00,0
303523,10671,11,2,0.00E+00,0
303523,10671,11,3,0.00E+00,0
303523,10671,12,1,0.00E+00,0
303523,10671,12,2,0.00E+00,0
303523,10671,12,3,0.00E+00,0
303523,10671,13,1,0.00E+00,0
303523,10671,13,2,0.00E+00,0
303523,10671,13,3,0.00E+00,0
303523,10671,15,1,0.00E+00,0
303523,10671,15,2,0.00E+00,0
303523,10671,15,3,0.00E+00,0
303523,10671,16,1,0.00E+00,0
303523,10671,16,2,0.00E+00,0
303523,10671,16,3,0.00E+00,0
303523,10671,17,1,0.00E+00,0
303523,10671,17,2,0.00E+00,0
303523,10671,17,3,0.00E+00,0
303523,10671,18,1,0.00E+00,0
303523,10671,18,2,0.00E+00,0
303523,10671,18,3,0.00E+00,0
,,,,,
,,,,,
,,,,,
503518,10671,0,1,0.00E+00,0
503518,10671,0,2,0.00E+00,0
503518,10671,0,3,0.00E+00,0
503518,10671,1,1,0.00E+00,0
503518,10671,1,2,0.00E+00,0
503518,10671,1,3,0.00E+00,0
503518,10671,2,1,0.00E+00,0
503518,10671,2,2,0.00E+00,0
503518,10671,2,3,0.00E+00,0
503518,10671,3,1,0.00E+00,0
503518,10671,3,2,0.00E+00,0
503518,10671,3,3,0.00E+00,0
503518,10671,4,1,0.00E+00,0
503518,10671,4,2,0.00E+00,0
503518,10671,4,3,0.00E+00,0
503518,10671,5,1,0.00E+00,0
503518,10671,5,2,0.00E+00,0
503518,10671,5,3,0.00E+00,0
503518,10671,6,1,0.00E+00,0
503518,10671,6,2,0.00E+00,0
503518,10671,6,3,0.00E+00,0
503518,10671,7,1,0.00E+00,0
503518,10671,7,2,0.00E+00,0
503518,10671,7,3,0.00E+00,0
503518,10671,8,1,0.00E+00,0
503518,10671,8,2,0.00E+00,0
503518,10671,8,3,0.00E+00,0
503518,10671,9,1,0.00E+00,0
503518,10671,9,2,0.00E+00,0
503518,10671,9,3,0.00E+00,0
503518,10671,10,1,0.00E+00,0
503518,10671,10,2,0.00E+00,0
503518,10671,10,3,0.00E+00,0
503518,10671,11,1,0.00E+00,0
503518,10671,11,2,0.00E+00,0
503518,10671,11,3,0.00E+00,0
503518,10671,12,1,0.00E+00,0
503518,10671,12,2,0.00E+00,0
503518,10671,12,3,0.00E+00,0
503518,10671,13,1,0.00E+00,0
503518,10671,13,2,0.00E+00,0
503518,10671,13,3,0.00E+00,0
503518,10671,15,1,0.00E+00,0
503518,10671,15,2,0.00E+00,0
503518,10671,15,3,0.00E+00,0
503518,10671,16,1,0.00E+00,0
503518,10671,16,2,0.00E+00,0
503518,10671,16,3,0.00E+00,0
503518,10671,17,1,0.00E+00,0
503518,10671,17,2,0.00E+00,0
503518,10671,17,3,0.00E+00,0
503518,10671,18,1,0.00E+00,0
503518,10671,18,2,0.00E+00,0
503518,10671,18,3,0.00E+00,0
,,,,,
,,,,,
,,,,,
601881,10671,0,1,0.00E+00,0
601881,10671,0,2,0.00E+00,0
601881,10671,0,3,0.00E+00,0
601881,10671,1,1,0.00E+00,0
601881,10671,1,2,0.00E+00,0
601881,10671,1,3,0.00E+00,0
601881,10671,2,1,0.00E+00,0
601881,10671,2,2,0.00E+00,0
601881,10671,2,3,0.00E+00,0
601881,10671,3,1,0.00E+00,0
601881,10671,3,2,0.00E+00,0
601881,10671,3,3,0.00E+00,0
601881,10671,4,1,0.00E+00,0
601881,10671,4,2,0.00E+00,0
601881,10671,4,3,0.00E+00,0
601881,10671,5,1,0.00E+00,0
601881,10671,5,2,0.00E+00,0
601881,10671,5,3,0.00E+00,0
601881,10671,6,1,0.00E+00,0
601881,10671,6,2,0.00E+00,0
601881,10671,6,3,0.00E+00,0
601881,10671,7,1,0.00E+00,0
601881,10671,7,2,0.00E+00,0
601881,10671,7,3,0.00E+00,0
601881,10671,8,1,0.00E+00,0
601881,10671,8,2,0.00E+00,0
601881,10671,8,3,0.00E+00,0
601881,10671,9,1,0.00E+00,0
601881,10671,9,2,0.00E+00,0
601881,10671,9,3,0.00E+00,0
601881,10671,10,1,0.00E+00,0
601881,10671,10,2,0.00E+00,0
601881,10671,10,3,0.00E+00,0
601881,10671,11,1,0.00E+00,0
601881,10671,11,2,0.00E+00,0
601881,10671,11,3,0.00E+00,0
601881,10671,12,1,0.00E+00,0
601881,10671,12,2,0.00E+00,0
601881,10671,12,3,0.00E+00,0
601881,10671,13,1,0.00E+00,0
601881,10671,13,2,0.00E+00,0
601881,10671,13,3,0.00E+00,0
601881,10671,15,1,0.00E+00,0
601881,10671,15,2,0.00E+00,0
601881,10671,15,3,0.00E+00,0
601881,10671,16,1,0.00E+00,0
601881,10671,16,2,0.00E+00,0
601881,10671,16,3,0.00E+00,0
601881,10671,17,1,0.00E+00,0
601881,10671,17,2,0.00E+00,0
601881,10671,17,3,0.00E+00,0
601881,10671,18,1,0.00E+00,0
601881,10671,18,2,0.00E+00,0
601881,10671,18,3,0.00E+00,0
,,,,,
,,,,,
,,,,,
201358,10671,0,1,0.00E+00,0
201358,10671,0,2,0.00E+00,0
201358,10671,0,3,0.00E+00,0
201358,10671,1,1,0.00E+00,0
201358,10671,1,2,0.00E+00,0
201358,10671,1,3,0.00E+00,0
201358,10671,2,1,0.00E+00,0
201358,10671,2,2,0.00E+00,0
201358,10671,2,3,0.00E+00,0
201358,10671,3,1,0.00E+00,0
201358,10671,3,2,0.00E+00,0
201358,10671,3,3,0.00E+00,0
201358,10671,4,1,0.00E+00,0
201358,10671,4,2,0.00E+00,0
201358,10671,4,3,0.00E+00,0
201358,10671,5,1,0.00E+00,0
201358,10671,5,2,0.00E+00,0
201358,10671,5,3,0.00E+00,0
201358,10671,6,1,0.00E+00,0
201358,10671,6,2,0.00E+00,0
201358,10671,6,3,0.00E+00,0
201358,10671,7,1,0.00E+00,0
201358,10671,7,2,0.00E+00,0
201358,10671,7,3,0.00E+00,0
201358,10671,8,1,0.00E+00,0
201358,10671,8,2,0.00E+00,0
201358,10671,8,3,0.00E+00,0
201358,10671,9,1,0.00E+00,0
201358,10671,9,2,0.00E+00,0
201358,10671,9,3,0.00E+00,0
201358,10671,10,1,0.00E+00,0
201358,10671,10,2,0.00E+00,0
201358,10671,10,3,0.00E+00,0
201358,10671,11,1,0.00E+00,0
201358,10671,11,2,0.00E+00,0
201358,10671,11,3,0.00E+00,0
201358,10671,12,1,0.00E+00,0
201358,10671,12,2,0.00E+00,0
201358,10671,12,3,0.00E+00,0
201358,10671,13,1,0.00E+00,0
201358,10671,13,2,0.00E+00,0
201358,10671,13,3,0.00E+00,0
201358,10671,15,1,0.00E+00,0
201358,10671,15,2,0.00E+00,0
201358,10671,15,3,0.00E+00,0
201358,10671,16,1,0.00E+00,0
201358,10671,16,2,0.00E+00,0
201358,10671,16,3,0.00E+00,0
201358,10671,17,1,0.00E+00,0
201358,10671,17,2,0.00E+00,0
201358,10671,17,3,0.00E+00,0
201358,10671,18,1,0.00E+00,0
201358,10671,18,2,0.00E+00,0
201358,10671,18,3,0.00E+00,0
,,,,,
,,,,,
,,,,,
203522,10671,0,1,0.00E+00,0
203522,10671,0,2,0.00E+00,0
203522,10671,0,3,0.00E+00,0
203522,10671,1,1,0.00E+00,0
203522,10671,1,2,0.00E+00,0
203522,10671,1,3,0.00E+00,0
203522,10671,2,1,0.00E+00,0
203522,10671,2,2,0.00E+00,0
203522,10671,2,3,0.00E+00,0
203522,10671,3,1,0.00E+00,0
203522,10671,3,2,0.00E+00,0
203522,10671,3,3,0.00E+00,0
203522,10671,4,1,0.00E+00,0
203522,10671,4,2,0.00E+00,0
203522,10671,4,3,0.00E+00,0
203522,10671,5,1,0.00E+00,0
203522,10671,5,2,0.00E+00,0
203522,10671,5,3,0.00E+00,0
203522,10671,6,1,0.00E+00,0
203522,10671,6,2,0.00E+00,0
203522,10671,6,3,0.00E+00,0
203522,10671,7,1,0.00E+00,0
203522,10671,7,2,0.00E+00,0
203522,10671,7,3,0.00E+00,0
203522,10671,8,1,0.00E+00,0
203522,10671,8,2,0.00E+00,0
203522,10671,8,3,0.00E+00,0
203522,10671,9,1,0.00E+00,0
203522,10671,9,2,0.00E+00,0
203522,10671,9,3,0.00E+00,0
203522,10671,10,1,0.00E+00,0
203522,10671,10,2,0.00E+00,0
203522,10671,10,3,0.00E+00,0
203522,10671,11,1,0.00E+00,0
203522,10671,11,2,0.00E+00,0
203522,10671,11,3,0.00E+00,0
203522,10671,12,1,0.00E+00,0
203522,10671,12,2,0.00E+00,0
203522,10671,12,3,0.00E+00,0
203522,10671,13,1,0.00E+00,0
203522,10671,13,2,0.00E+00,0
203522,10671,13,3,0.00E+00,0
203522,10671,15,1,0.00E+00,0
203522,10671,15,2,0.00E+00,0
203522,10671,15,3,0.00E+00,0
203522,10671,16,1,0.00E+00,0
203522,10671,16,2,0.00E+00,0
203522,10671,16,3,0.00E+00,0
203522,10671,17,1,0.00E+00,0
203522,10671,17,2,0.00E+00,0
203522,10671,17,3,0.00E+00,0
203522,10671,18,1,0.00E+00,0
203522,10671,18,2,0.00E+00,0
203522,10671,18,3,0.00E+00,0
,,,,,
,,,,,
,,,,,
403517,10671,0,1,0.00E+00,0
403517,10671,0,2,0.00E+00,0
403517,10671,0,3,0.00E+00,0
403517,10671,1,1,0.00E+00,0
403517,10671,1,2,0.00E+00,0
403517,10671,1,3,0.00E+00,0
403517,10671,2,1,0.00E+00,0
403517,10671,2,2,0.00E+00,0
403517,10671,2,3,0.00E+00,0
403517,10671,3,1,0.00E+00,0
403517,10671,3,2,0.00E+00,0
403517,10671,3,3,0.00E+00,0
403517,10671,4,1,0.00E+00,0
403517,10671,4,2,0.00E+00,0
403517,10671,4,3,0.00E+00,0
403517,10671,5,1,0.00E+00,0
403517,10671,5,2,0.00E+00,0
403517,10671,5,3,0.00E+00,0
403517,10671,6,1,0.00E+00,0
403517,10671,6,2,0.00E+00,0
403517,10671,6,3,0.00E+00,0
403517,10671,7,1,0.00E+00,0
403517,10671,7,2,0.00E+00,0
403517,10671,7,3,0.00E+00,0
403517,10671,8,1,0.00E+00,0
403517,10671,8,2,0.00E+00,0
403517,10671,8,3,0.00E+00,0
403517,10671,9,1,0.00E+00,0
403517,10671,9,2,0.00E+00,0
403517,10671,9,3,0.00E+00,0
403517,10671,10,1,0.00E+00,0
403517,10671,10,2,0.00E+00,0
403517,10671,10,3,0.00E+00,0
403517,10671,11,1,0.00E+00,0
403517,10671,11,2,0.00E+00,0
403517,10671,11,3,0.00E+00,0
403517,10671,12,1,0.00E+00,0
403517,10671,12,2,0.00E+00,0
403517,10671,12,3,0.00E+00,0
403517,10671,13,1,0.00E+00,0
403517,10671,13,2,0.00E+00,0
403517,10671,13,3,0.00E+00,0
403517,10671,15,1,0.00E+00,0
403517,10671,15,2,0.00E+00,0
403517,10671,15,3,0.00E+00,0
403517,10671,16,1,0.00E+00,0
403517,10671,16,2,0.00E+00,0
403517,10671,16,3,0.00E+00,0
403517,10671,17,1,0.00E+00,0
403517,10671,17,2,0.00E+00,0
403517,10671,17,3,0.00E+00,0
403517,10671,18,1,0.00E+00,0
403517,10671,18,2,0.00E+00,0
403517,10671,18,3,0.00E+00,0
,,,,,
,,,,,
,,,,,
503525,10671,0,1,0.00E+00,0
503525,10671,0,2,0.00E+00,0
503525,10671,0,3,0.00E+00,0
503525,10671,1,1,0.00E+00,0
503525,10671,1,2,0.00E+00,0
503525,10671,1,3,0.00E+00,0
503525,10671,2,1,0.00E+00,0
503525,10671,2,2,0.00E+00,0
503525,10671,2,3,0.00E+00,0
503525,10671,3,1,0.00E+00,0
503525,10671,3,2,0.00E+00,0
503525,10671,3,3,0.00E+00,0
503525,10671,4,1,0.00E+00,0
503525,10671,4,2,0.00E+00,0
503525,10671,4,3,0.00E+00,0
503525,10671,5,1,0.00E+00,0
503525,10671,5,2,0.00E+00,0
503525,10671,5,3,0.00E+00,0
503525,10671,6,1,0.00E+00,0
503525,10671,6,2,0.00E+00,0
503525,10671,6,3,0.00E+00,0
503525,10671,7,1,0.00E+00,0
503525,10671,7,2,0.00E+00,0
503525,10671,7,3,0.00E+00,0
503525,10671,8,1,0.00E+00,0
503525,10671,8,2,0.00E+00,0
503525,10671,8,3,0.00E+00,0
503525,10671,9,1,0.00E+00,0
503525,10671,9,2,0.00E+00,0
503525,10671,9,3,0.00E+00,0
503525,10671,10,1,0.00E+00,0
503525,10671,10,2,0.00E+00,0
503525,10671,10,3,0.00E+00,0
503525,10671,11,1,0.00E+00,0
503525,10671,11,2,0.00E+00,0
503525,10671,11,3,0.00E+00,0
503525,10671,12,1,0.00E+00,0
503525,10671,12,2,0.00E+00,0
503525,10671,12,3,0.00E+00,0
503525,10671,13,1,0.00E+00,0
503525,10671,13,2,0.00E+00,0
503525,10671,13,3,0.00E+00,0
503525,10671,15,1,0.00E+00,0
503525,10671,15,2,0.00E+00,0
503525,10671,15,3,0.00E+00,0
503525,10671,16,1,0.00E+00,0
503525,10671,16,2,0.00E+00,0
503525,10671,16,3,0.00E+00,0
503525,10671,17,1,0.00E+00,0
503525,10671,17,2,0.00E+00,0
503525,10671,17,3,0.00E+00,0
503525,10671,18,1,0.00E+00,0
503525,10671,18,2,0.00E+00,0
503525,10671,18,3,0.00E+00,0
,,,,,
,,,,,
,,,,,
101876,10671,0,1,0.00E+00,0
101876,10671,0,2,0.00E+00,0
101876,10671,0,3,0.00E+00,0
101876,10671,1,1,0.00E+00,0
101876,10671,1,2,0.00E+00,0
101876,10671,1,3,0.00E+00,0
101876,10671,2,1,0.00E+00,0
101876,10671,2,2,0.00E+00,0
101876,10671,2,3,0.00E+00,0
101876,10671,3,1,0.00E+00,0
101876,10671,3,2,0.00E+00,0
101876,10671,3,3,0.00E+00,0
101876,10671,4,1,0.00E+00,0
101876,10671,4,2,0.00E+00,0
101876,10671,4,3,0.00E+00,0
101876,10671,5,1,0.00E+00,0
101876,10671,5,2,0.00E+00,0
101876,10671,5,3,0.00E+00,0
101876,10671,6,1,0.00E+00,0
101876,10671,6,2,0.00E+00,0
101876,10671,6,3,0.00E+00,0
101876,10671,7,1,0.00E+00,0
101876,10671,7,2,0.00E+00,0
101876,10671,7,3,0.00E+00,0
101876,10671,8,1,0.00E+00,0
101876,10671,8,2,0.00E+00,0
101876,10671,8,3,0.00E+00,0
101876,10671,9,1,0.00E+00,0
101876,10671,9,2,0.00E+00,0
101876,10671,9,3,0.00E+00,0
101876,10671,10,1,0.00E+00,0
101876,10671,10,2,0.00E+00,0
101876,10671,10,3,0.00E+00,0
101876,10671,11,1,0.00E+00,0
101876,10671,11,2,0.00E+00,0
101876,10671,11,3,0.00E+00,0
101876,10671,12,1,0.00E+00,0
101876,10671,12,2,0.00E+00,0
101876,10671,12,3,0.00E+00,0
101876,10671,13,1,0.00E+00,0
101876,10671,13,2,0.00E+00,0
101876,10671,13,3,0.00E+00,0
101876,10671,15,1,0.00E+00,0
101876,10671,15,2,0.00E+00,0
101876,10671,15,3,0.00E+00,0
101876,10671,16,1,0.00E+00,0
101876,10671,16,2,0.00E+00,0
101876,10671,16,3,0.00E+00,0
101876,10671,17,1,0.00E+00,0
101876,10671,17,2,0.00E+00,0
101876,10671,17,3,0.00E+00,0
101876,10671,18,1,0.00E+00,0
101876,10671,18,2,0.00E+00,0
101876,10671,18,3,0.00E+00,0
,,,,,
,,,,,
,,,,,
701356,10671,0,1,0.00E+00,0
701356,10671,0,2,0.00E+00,0
701356,10671,0,3,0.00E+00,0
701356,10671,1,1,0.00E+00,0
701356,10671,1,2,0.00E+00,0
701356,10671,1,3,0.00E+00,0
701356,10671,2,1,0.00E+00,0
701356,10671,2,2,0.00E+00,0
701356,10671,2,3,0.00E+00,0
701356,10671,3,1,0.00E+00,0
701356,10671,3,2,0.00E+00,0
701356,10671,3,3,0.00E+00,0
701356,10671,4,1,0.00E+00,0
701356,10671,4,2,0.00E+00,0
701356,10671,4,3,0.00E+00,0
701356,10671,5,1,0.00E+00,0
701356,10671,5,2,0.00E+00,0
701356,10671,5,3,0.00E+00,0
701356,10671,6,1,0.00E+00,0
701356,10671,6,2,0.00E+00,0
701356,10671,6,3,0.00E+00,0
701356,10671,7,1,0.00E+00,0
701356,10671,7,2,0.00E+00,0
701356,10671,7,3,0.00E+00,0
701356,10671,8,1,0.00E+00,0
701356,10671,8,2,0.00E+00,0
701356,10671,8,3,0.00E+00,0
701356,10671,9,1,0.00E+00,0
701356,10671,9,2,0.00E+00,0
701356,10671,9,3,0.00E+00,0
701356,10671,10,1,0.00E+00,0
701356,10671,10,2,0.00E+00,0
701356,10671,10,3,0.00E+00,0
701356,10671,11,1,0.00E+00,0
701356,10671,11,2,0.00E+00,0
701356,10671,11,3,0.00E+00,0
701356,10671,12,1,0.00E+00,0
701356,10671,12,2,0.00E+00,0
701356,10671,12,3,0.00E+00,0
701356,10671,13,1,0.00E+00,0
701356,10671,13,2,0.00E+00,0
701356,10671,13,3,0.00E+00,0
701356,10671,15,1,0.00E+00,0
701356,10671,15,2,0.00E+00,0
701356,10671,15,3,0.00E+00,0
701356,10671,16,1,0.00E+00,0
701356,10671,16,2,0.00E+00,0
701356,10671,16,3,0.00E+00,0
701356,10671,17,1,0.00E+00,0
701356,10671,17,2,0.00E+00,0
701356,10671,17,3,0.00E+00,0
701356,10671,18,1,0.00E+00,0
701356,10671,18,2,0.00E+00,0
701356,10671,18,3,0.00E+00,0
,,,,,
,,,,,
,,,,,
201875,9000 R2.0,0,1,0.00E+00,na
201875,9000 R2.0,0,2,0.00E+00,na
201875,9000 R2.0,0,3,0.00E+00,na
201875,9000 R2.0,1,1,0.00E+00,10
201875,9000 R2.0,1,2,0.00E+00,10
201875,9000 R2.0,1,3,0.00E+00,10
201875,9000 R2.0,2,1,0.00E+00,0
201875,9000 R2.0,2,2,0.00E+00,0
201875,9000 R2.0,2,3,0.00E+00,0
201875,9000 R2.0,3,1,0.00E+00,0
201875,9000 R2.0,3,2,0.00E+00,0
201875,9000 R2.0,3,3,0.00E+00,0
201875,9000 R2.0,4,1,0.00E+00,0
201875,9000 R2.0,4,2,0.00E+00,0
201875,9000 R2.0,4,3,0.00E+00,0
201875,9000 R2.0,5,1,0.00E+00,0
201875,9000 R2.0,5,2,0.00E+00,0
201875,9000 R2.0,5,3,0.00E+00,0
201875,9000 R2.0,6,1,0.00E+00,0
201875,9000 R2.0,6,2,0.00E+00,0
201875,9000 R2.0,6,3,0.00E+00,0
201875,9000 R2.0,7,1,0.00E+00,0
201875,9000 R2.0,7,2,0.00E+00,0
201875,9000 R2.0,7,3,0.00E+00,0
201875,9000 R2.0,8,1,4.00E+02,na
201875,9000 R2.0,8,2,3.00E+02,na
201875,9000 R2.0,8,3,1.00E+02,na
201875,9000 R2.0,9,1,0.00E+00,0
201875,9000 R2.0,9,2,0.00E+00,0
201875,9000 R2.0,9,3,0.00E+00,0
201875,9000 R2.0,10,1,0.00E+00,0
201875,9000 R2.0,10,2,0.00E+00,0
201875,9000 R2.0,10,3,0.00E+00,0
201875,9000 R2.0,11,1,0.00E+00,10
201875,9000 R2.0,11,2,0.00E+00,10
201875,9000 R2.0,11,3,0.00E+00,10
201875,9000 R2.0,12,1,0.00E+00,0
201875,9000 R2.0,12,2,0.00E+00,0
201875,9000 R2.0,12,3,0.00E+00,0
201875,9000 R2.0,13,1,0.00E+00,0
201875,9000 R2.0,13,2,0.00E+00,0
201875,9000 R2.0,13,3,0.00E+00,0
201875,9000 R2.0,15,1,0.00E+00,0
201875,9000 R2.0,15,2,0.00E+00,0
201875,9000 R2.0,15,3,0.00E+00,0
201875,9000 R2.0,16,1,0.00E+00,0
201875,9000 R2.0,16,2,0.00E+00,0
201875,9000 R2.0,16,3,0.00E+00,0
201875,9000 R2.0,17,1,0.00E+00,na
201875,9000 R2.0,17,2,1.00E+02,na
201875,9000 R2.0,17,3,0.00E+00,na
201875,9000 R2.0,18,1,0.00E+00,na
201875,9000 R2.0,18,2,1.00E+02,na
201875,9000 R2.0,18,3,2.00E+02,na
,,,,,
,,,,,
,,,,,
603848,9000 R2.0,0,1,0.00E+00,na
603848,9000 R2.0,0,2,0.00E+00,na
603848,9000 R2.0,0,3,0.00E+00,na
603848,9000 R2.0,1,1,0.00E+00,0
603848,9000 R2.0,1,2,0.00E+00,0
603848,9000 R2.0,1,3,0.00E+00,0
603848,9000 R2.0,2,1,0.00E+00,10
603848,9000 R2.0,2,2,0.00E+00,10
603848,9000 R2.0,2,3,0.00E+00,10
603848,9000 R2.0,3,1,0.00E+00,10
603848,9000 R2.0,3,2,0.00E+00,10
603848,9000 R2.0,3,3,0.00E+00,10
603848,9000 R2.0,4,1,0.00E+00,0
603848,9000 R2.0,4,2,0.00E+00,0
603848,9000 R2.0,4,3,0.00E+00,0
603848,9000 R2.0,5,1,0.00E+00,0
603848,9000 R2.0,5,2,0.00E+00,0
603848,9000 R2.0,5,3,0.00E+00,0
603848,9000 R2.0,6,1,0.00E+00,10
603848,9000 R2.0,6,2,0.00E+00,10
603848,9000 R2.0,6,3,0.00E+00,10
603848,9000 R2.0,7,1,0.00E+00,0
603848,9000 R2.0,7,2,0.00E+00,0
603848,9000 R2.0,7,3,0.00E+00,0
603848,9000 R2.0,8,1,0.00E+00,0
603848,9000 R2.0,8,2,0.00E+00,0
603848,9000 R2.0,8,3,0.00E+00,0
603848,9000 R2.0,9,1,0.00E+00,10
603848,9000 R2.0,9,2,0.00E+00,10
603848,9000 R2.0,9,3,0.00E+00,10
603848,9000 R2.0,10,1,0.00E+00,10
603848,9000 R2.0,10,2,0.00E+00,10
603848,9000 R2.0,10,3,0.00E+00,10
603848,9000 R2.0,11,1,0.00E+00,10
603848,9000 R2.0,11,2,0.00E+00,10
603848,9000 R2.0,11,3,0.00E+00,10
603848,9000 R2.0,12,1,2.00E+02,na
603848,9000 R2.0,12,2,0.00E+00,na
603848,9000 R2.0,12,3,2.00E+02,na
603848,9000 R2.0,13,1,0.00E+00,na
603848,9000 R2.0,13,2,0.00E+00,na
603848,9000 R2.0,13,3,1.00E+02,na
603848,9000 R2.0,15,1,0.00E+00,10
603848,9000 R2.0,15,2,0.00E+00,10
603848,9000 R2.0,15,3,0.00E+00,10
603848,9000 R2.0,16,1,0.00E+00,na
603848,9000 R2.0,16,2,0.00E+00,na
603848,9000 R2.0,16,3,2.00E+02,na
603848,9000 R2.0,17,1,2.30E+03,na
603848,9000 R2.0,17,2,1.30E+03,na
603848,9000 R2.0,17,3,1.20E+03,na
603848,9000 R2.0,18,1,3.90E+03,na
603848,9000 R2.0,18,2,3.80E+03,na
603848,9000 R2.0,18,3,3.10E+03,na
,,,,,
,,,,,
,,,,,
601186,9000 R2.0,0,1,0.00E+00,na
601186,9000 R2.0,0,2,0.00E+00,na
601186,9000 R2.0,0,3,0.00E+00,na
601186,9000 R2.0,1,1,0.00E+00,0
601186,9000 R2.0,1,2,0.00E+00,0
601186,9000 R2.0,1,3,0.00E+00,0
601186,9000 R2.0,2,1,0.00E+00,0
601186,9000 R2.0,2,2,0.00E+00,0
601186,9000 R2.0,2,3,0.00E+00,0
601186,9000 R2.0,3,1,0.00E+00,0
601186,9000 R2.0,3,2,0.00E+00,0
601186,9000 R2.0,3,3,0.00E+00,0
601186,9000 R2.0,4,1,0.00E+00,0
601186,9000 R2.0,4,2,0.00E+00,0
601186,9000 R2.0,4,3,0.00E+00,0
601186,9000 R2.0,5,1,0.00E+00,0
601186,9000 R2.0,5,2,0.00E+00,0
601186,9000 R2.0,5,3,0.00E+00,0
601186,9000 R2.0,6,1,0.00E+00,0
601186,9000 R2.0,6,2,0.00E+00,0
601186,9000 R2.0,6,3,0.00E+00,0
601186,9000 R2.0,7,1,0.00E+00,0
601186,9000 R2.0,7,2,0.00E+00,0
601186,9000 R2.0,7,3,0.00E+00,0
601186,9000 R2.0,8,1,0.00E+00,0
601186,9000 R2.0,8,2,0.00E+00,0
601186,9000 R2.0,8,3,0.00E+00,0
601186,9000 R2.0,9,1,0.00E+00,0
601186,9000 R2.0,9,2,0.00E+00,0
601186,9000 R2.0,9,3,0.00E+00,0
601186,9000 R2.0,10,1,0.00E+00,0
601186,9000 R2.0,10,2,0.00E+00,0
601186,9000 R2.0,10,3,0.00E+00,0
601186,9000 R2.0,11,1,0.00E+00,0
601186,9000 R2.0,11,2,0.00E+00,0
601186,9000 R2.0,11,3,0.00E+00,0
601186,9000 R2.0,12,1,3.00E+02,na
601186,9000 R2.0,12,2,0.00E+00,na
601186,9000 R2.0,12,3,1.00E+02,na
601186,9000 R2.0,13,1,0.00E+00,na
601186,9000 R2.0,13,2,1.00E+02,na
601186,9000 R2.0,13,3,0.00E+00,na
601186,9000 R2.0,15,1,3.00E+02,na
601186,9000 R2.0,15,2,0.00E+00,na
601186,9000 R2.0,15,3,1.00E+02,na
601186,9000 R2.0,16,1,0.00E+00,0
601186,9000 R2.0,16,2,0.00E+00,0
601186,9000 R2.0,16,3,0.00E+00,0
601186,9000 R2.0,17,1,4.00E+03,na
601186,9000 R2.0,17,2,6.40E+03,na
601186,9000 R2.0,17,3,5.20E+03,na
601186,9000 R2.0,18,1,2.12E+05,na
601186,9000 R2.0,18,2,2.11E+05,na
601186,9000 R2.0,18,3,2.24E+05,na
,,,,,
,,,,,
,,,,,
201450,9000 R2.0,0,1,0.00E+00,na
201450,9000 R2.0,0,2,0.00E+00,na
201450,9000 R2.0,0,3,0.00E+00,na
201450,9000 R2.0,1,1,0.00E+00,0
201450,9000 R2.0,1,2,0.00E+00,0
201450,9000 R2.0,1,3,0.00E+00,0
201450,9000 R2.0,2,1,0.00E+00,0
201450,9000 R2.0,2,2,0.00E+00,0
201450,9000 R2.0,2,3,0.00E+00,0
201450,9000 R2.0,3,1,0.00E+00,10
201450,9000 R2.0,3,2,0.00E+00,10
201450,9000 R2.0,3,3,0.00E+00,10
201450,9000 R2.0,4,1,1.00E+02,na
201450,9000 R2.0,4,2,1.00E+02,na
201450,9000 R2.0,4,3,0.00E+00,na
201450,9000 R2.0,5,1,0.00E+00,10
201450,9000 R2.0,5,2,0.00E+00,10
201450,9000 R2.0,5,3,0.00E+00,10
201450,9000 R2.0,6,1,5.50E+03,na
201450,9000 R2.0,6,2,5.80E+03,na
201450,9000 R2.0,6,3,5.00E+03,na
201450,9000 R2.0,7,1,3.60E+04,na
201450,9000 R2.0,7,2,2.70E+04,na
201450,9000 R2.0,7,3,3.30E+04,na
201450,9000 R2.0,8,1,1.70E+04,na
201450,9000 R2.0,8,2,2.40E+04,na
201450,9000 R2.0,8,3,1.40E+04,na
201450,9000 R2.0,9,1,4.30E+04,na
201450,9000 R2.0,9,2,5.00E+04,na
201450,9000 R2.0,9,3,4.90E+04,na
201450,9000 R2.0,10,1,2.75E+05,na
201450,9000 R2.0,10,2,2.98E+05,na
201450,9000 R2.0,10,3,2.97E+05,na
201450,9000 R2.0,11,1,8.00E+04,na
201450,9000 R2.0,11,2,5.00E+04,na
201450,9000 R2.0,11,3,5.00E+04,na
201450,9000 R2.0,12,1,1.28E+05,na
201450,9000 R2.0,12,2,1.18E+05,na
201450,9000 R2.0,12,3,1.21E+05,na
201450,9000 R2.0,13,1,2.00E+04,na
201450,9000 R2.0,13,2,1.00E+04,na
201450,9000 R2.0,13,3,2.00E+04,na
201450,9000 R2.0,15,1,3.01E+05,na
201450,9000 R2.0,15,2,2.79E+05,na
201450,9000 R2.0,15,3,4.03E+05,na
201450,9000 R2.0,16,1,2.00E+04,na
201450,9000 R2.0,16,2,0.00E+00,na
201450,9000 R2.0,16,3,1.00E+04,na
201450,9000 R2.0,17,1,1.00E+03,na
201450,9000 R2.0,17,2,2.00E+03,na
201450,9000 R2.0,17,3,0.00E+00,na
201450,9000 R2.0,18,1,0.00E+00,na
201450,9000 R2.0,18,2,1.00E+02,na
201450,9000 R2.0,18,3,5.00E+02,na
,,,,,
,,,,,
,,,,,
102142,9000 R2.0,0,1,0.00E+00,na
102142,9000 R2.0,0,2,0.00E+00,na
102142,9000 R2.0,0,3,0.00E+00,na
102142,9000 R2.0,1,1,0.00E+00,10
102142,9000 R2.0,1,2,0.00E+00,10
102142,9000 R2.0,1,3,0.00E+00,10
102142,9000 R2.0,2,1,0.00E+00,0
102142,9000 R2.0,2,2,0.00E+00,0
102142,9000 R2.0,2,3,0.00E+00,0
102142,9000 R2.0,3,1,1.00E+02,na
102142,9000 R2.0,3,2,0.00E+00,na
102142,9000 R2.0,3,3,0.00E+00,na
102142,9000 R2.0,4,1,0.00E+00,0
102142,9000 R2.0,4,2,0.00E+00,0
102142,9000 R2.0,4,3,0.00E+00,0
102142,9000 R2.0,5,1,0.00E+00,10
102142,9000 R2.0,5,2,0.00E+00,10
102142,9000 R2.0,5,3,0.00E+00,10
102142,9000 R2.0,6,1,0.00E+00,0
102142,9000 R2.0,6,2,0.00E+00,0
102142,9000 R2.0,6,3,0.00E+00,0
102142,9000 R2.0,7,1,0.00E+00,0
102142,9000 R2.0,7,2,0.00E+00,0
102142,9000 R2.0,7,3,0.00E+00,0
102142,9000 R2.0,8,1,0.00E+00,0
102142,9000 R2.0,8,2,0.00E+00,0
102142,9000 R2.0,8,3,0.00E+00,0
102142,9000 R2.0,9,1,0.00E+00,0
102142,9000 R2.0,9,2,0.00E+00,0
102142,9000 R2.0,9,3,0.00E+00,0
102142,9000 R2.0,10,1,0.00E+00,10
102142,9000 R2.0,10,2,0.00E+00,10
102142,9000 R2.0,10,3,0.00E+00,10
102142,9000 R2.0,11,1,0.00E+00,na
102142,9000 R2.0,11,2,1.00E+02,na
102142,9000 R2.0,11,3,0.00E+00,na
102142,9000 R2.0,12,1,2.00E+02,na
102142,9000 R2.0,12,2,0.00E+00,na
102142,9000 R2.0,12,3,0.00E+00,na
102142,9000 R2.0,13,1,0.00E+00,na
102142,9000 R2.0,13,2,0.00E+00,na
102142,9000 R2.0,13,3,3.00E+02,na
102142,9000 R2.0,15,1,8.24E+04,na
102142,9000 R2.0,15,2,9.28E+04,na
102142,9000 R2.0,15,3,8.88E+04,na
102142,9000 R2.0,16,1,1.10E+05,na
102142,9000 R2.0,16,2,9.00E+04,na
102142,9000 R2.0,16,3,2.00E+04,na
102142,9000 R2.0,17,1,1.00E+03,na
102142,9000 R2.0,17,2,3.00E+03,na
102142,9000 R2.0,17,3,2.00E+03,na
102142,9000 R2.0,18,1,3.55E+04,na
102142,9000 R2.0,18,2,3.03E+04,na
102142,9000 R2.0,18,3,3.29E+04,na
,,,,,
,,,,,
,,,,,
403446,9000 R2.0,0,1,0.00E+00,na
403446,9000 R2.0,0,2,0.00E+00,na
403446,9000 R2.0,0,3,0.00E+00,na
403446,9000 R2.0,1,1,0.00E+00,0
403446,9000 R2.0,1,2,0.00E+00,0
403446,9000 R2.0,1,3,0.00E+00,0
403446,9000 R2.0,2,1,0.00E+00,0
403446,9000 R2.0,2,2,0.00E+00,0
403446,9000 R2.0,2,3,0.00E+00,0
403446,9000 R2.0,3,1,1.00E+02,na
403446,9000 R2.0,3,2,0.00E+00,na
403446,9000 R2.0,3,3,0.00E+00,na
403446,9000 R2.0,4,1,1.00E+02,na
403446,9000 R2.0,4,2,0.00E+00,na
403446,9000 R2.0,4,3,2.00E+02,na
403446,9000 R2.0,5,1,2.30E+03,na
403446,9000 R2.0,5,2,2.70E+03,na
403446,9000 R2.0,5,3,2.20E+03,na
403446,9000 R2.0,6,1,1.80E+05,na
403446,9000 R2.0,6,2,2.42E+05,na
403446,9000 R2.0,6,3,2.08E+05,na
403446,9000 R2.0,7,1,1.64E+06,na
403446,9000 R2.0,7,2,1.01E+06,na
403446,9000 R2.0,7,3,1.33E+06,na
403446,9000 R2.0,8,1,8.00E+05,na
403446,9000 R2.0,8,2,1.10E+06,na
403446,9000 R2.0,8,3,4.00E+05,na
403446,9000 R2.0,9,1,1.00E+04,na
403446,9000 R2.0,9,2,1.00E+04,na
403446,9000 R2.0,9,3,1.00E+04,na
403446,9000 R2.0,10,1,0.00E+00,na
403446,9000 R2.0,10,2,0.00E+00,na
403446,9000 R2.0,10,3,2.00E+03,na
403446,9000 R2.0,11,1,7.00E+02,na
403446,9000 R2.0,11,2,7.00E+02,na
403446,9000 R2.0,11,3,4.00E+02,na
403446,9000 R2.0,12,1,2.00E+02,na
403446,9000 R2.0,12,2,4.00E+02,na
403446,9000 R2.0,12,3,5.00E+02,na
403446,9000 R2.0,13,1,2.00E+02,na
403446,9000 R2.0,13,2,1.00E+02,na
403446,9000 R2.0,13,3,2.00E+02,na
403446,9000 R2.0,15,1,1.00E+02,na
403446,9000 R2.0,15,2,0.00E+00,na
403446,9000 R2.0,15,3,3.00E+02,na
403446,9000 R2.0,16,1,1.00E+02,na
403446,9000 R2.0,16,2,4.00E+02,na
403446,9000 R2.0,16,3,4.00E+02,na
403446,9000 R2.0,17,1,2.00E+02,na
403446,9000 R2.0,17,2,1.00E+02,na
403446,9000 R2.0,17,3,0.00E+00,na
403446,9000 R2.0,18,1,6.00E+02,na
403446,9000 R2.0,18,2,6.00E+02,na
403446,9000 R2.0,18,3,4.00E+02,na
,,,,,
,,,,,
,,,,,
402145,9000 R2.0,0,1,0.00E+00,na
402145,9000 R2.0,0,2,0.00E+00,na
402145,9000 R2.0,0,3,0.00E+00,na
402145,9000 R2.0,1,1,0.00E+00,0
402145,9000 R2.0,1,2,0.00E+00,0
402145,9000 R2.0,1,3,0.00E+00,0
402145,9000 R2.0,2,1,0.00E+00,0
402145,9000 R2.0,2,2,0.00E+00,0
402145,9000 R2.0,2,3,0.00E+00,0
402145,9000 R2.0,3,1,0.00E+00,10
402145,9000 R2.0,3,2,0.00E+00,10
402145,9000 R2.0,3,3,0.00E+00,10
402145,9000 R2.0,4,1,0.00E+00,10
402145,9000 R2.0,4,2,0.00E+00,10
402145,9000 R2.0,4,3,0.00E+00,10
402145,9000 R2.0,5,1,0.00E+00,10
402145,9000 R2.0,5,2,0.00E+00,10
402145,9000 R2.0,5,3,0.00E+00,10
402145,9000 R2.0,6,1,2.00E+02,na
402145,9000 R2.0,6,2,2.00E+02,na
402145,9000 R2.0,6,3,1.00E+02,na
402145,9000 R2.0,7,1,0.00E+00,10
402145,9000 R2.0,7,2,0.00E+00,10
402145,9000 R2.0,7,3,0.00E+00,10
402145,9000 R2.0,8,1,0.00E+00,na
402145,9000 R2.0,8,2,2.00E+02,na
402145,9000 R2.0,8,3,1.00E+02,na
402145,9000 R2.0,9,1,0.00E+00,na
402145,9000 R2.0,9,2,0.00E+00,na
402145,9000 R2.0,9,3,3.00E+02,na
402145,9000 R2.0,10,1,2.00E+02,na
402145,9000 R2.0,10,2,4.00E+02,na
402145,9000 R2.0,10,3,3.00E+02,na
402145,9000 R2.0,11,1,2.40E+03,na
402145,9000 R2.0,11,2,2.50E+03,na
402145,9000 R2.0,11,3,2.00E+03,na
402145,9000 R2.0,12,1,2.20E+03,na
402145,9000 R2.0,12,2,3.40E+03,na
402145,9000 R2.0,12,3,3.40E+03,na
402145,9000 R2.0,13,1,3.90E+03,na
402145,9000 R2.0,13,2,3.30E+03,na
402145,9000 R2.0,13,3,2.80E+03,na
402145,9000 R2.0,15,1,8.26E+04,na
402145,9000 R2.0,15,2,7.92E+04,na
402145,9000 R2.0,15,3,9.22E+04,na
402145,9000 R2.0,16,1,1.00E+04,na
402145,9000 R2.0,16,2,2.00E+04,na
402145,9000 R2.0,16,3,1.00E+04,na
402145,9000 R2.0,17,1,4.30E+04,na
402145,9000 R2.0,17,2,5.10E+04,na
402145,9000 R2.0,17,3,5.00E+04,na
402145,9000 R2.0,18,1,1.15E+05,na
402145,9000 R2.0,18,2,9.40E+04,na
402145,9000 R2.0,18,3,9.40E+04,na
,,,,,
,,,,,
,,,,,
703947,9000 R2.0,0,1,0.00E+00,na
703947,9000 R2.0,0,2,0.00E+00,na
703947,9000 R2.0,0,3,0.00E+00,na
703947,9000 R2.0,1,1,0.00E+00,0
703947,9000 R2.0,1,2,0.00E+00,0
703947,9000 R2.0,1,3,0.00E+00,0
703947,9000 R2.0,2,1,0.00E+00,na
703947,9000 R2.0,2,2,1.00E+02,na
703947,9000 R2.0,2,3,2.00E+02,na
703947,9000 R2.0,3,1,4.00E+02,na
703947,9000 R2.0,3,2,3.00E+02,na
703947,9000 R2.0,3,3,3.00E+02,na
703947,9000 R2.0,4,1,6.00E+02,na
703947,9000 R2.0,4,2,9.00E+02,na
703947,9000 R2.0,4,3,5.00E+02,na
703947,9000 R2.0,5,1,1.00E+02,na
703947,9000 R2.0,5,2,0.00E+00,na
703947,9000 R2.0,5,3,0.00E+00,na
703947,9000 R2.0,6,1,3.00E+02,na
703947,9000 R2.0,6,2,7.00E+02,na
703947,9000 R2.0,6,3,5.00E+02,na
703947,9000 R2.0,7,1,3.00E+02,na
703947,9000 R2.0,7,2,2.00E+02,na
703947,9000 R2.0,7,3,1.00E+02,na
703947,9000 R2.0,8,1,9.00E+02,na
703947,9000 R2.0,8,2,7.00E+02,na
703947,9000 R2.0,8,3,7.00E+02,na
703947,9000 R2.0,9,1,3.00E+02,na
703947,9000 R2.0,9,2,4.00E+02,na
703947,9000 R2.0,9,3,1.00E+02,na
703947,9000 R2.0,10,1,3.00E+02,na
703947,9000 R2.0,10,2,0.00E+00,na
703947,9000 R2.0,10,3,0.00E+00,na
703947,9000 R2.0,11,1,2.00E+02,na
703947,9000 R2.0,11,2,1.00E+02,na
703947,9000 R2.0,11,3,0.00E+00,na
703947,9000 R2.0,12,1,3.00E+03,na
703947,9000 R2.0,12,2,3.80E+03,na
703947,9000 R2.0,12,3,2.70E+03,na
703947,9000 R2.0,13,1,1.00E+03,na
703947,9000 R2.0,13,2,6.00E+02,na
703947,9000 R2.0,13,3,7.00E+02,na
703947,9000 R2.0,15,1,9.00E+02,na
703947,9000 R2.0,15,2,2.00E+02,na
703947,9000 R2.0,15,3,2.00E+02,na
703947,9000 R2.0,16,1,0.00E+00,na
703947,9000 R2.0,16,2,4.00E+02,na
703947,9000 R2.0,16,3,2.00E+02,na
703947,9000 R2.0,17,1,0.00E+00,10
703947,9000 R2.0,17,2,0.00E+00,10
703947,9000 R2.0,17,3,0.00E+00,10
703947,9000 R2.0,18,1,4.00E+02,na
703947,9000 R2.0,18,2,4.00E+02,na
703947,9000 R2.0,18,3,1.00E+02,na
,,,,,
,,,,,
,,,,,
301869,9000 R2.0,0,1,0.00E+00,na
301869,9000 R2.0,0,2,0.00E+00,na
301869,9000 R2.0,0,3,0.00E+00,na
301869,9000 R2.0,1,1,0.00E+00,10
301869,9000 R2.0,1,2,0.00E+00,10
301869,9000 R2.0,1,3,0.00E+00,10
301869,9000 R2.0,2,1,0.00E+00,na
301869,9000 R2.0,2,2,1.00E+02,na
301869,9000 R2.0,2,3,0.00E+00,na
301869,9000 R2.0,3,1,2.00E+02,na
301869,9000 R2.0,3,2,0.00E+00,na
301869,9000 R2.0,3,3,0.00E+00,na
301869,9000 R2.0,4,1,0.00E+00,10
301869,9000 R2.0,4,2,0.00E+00,10
301869,9000 R2.0,4,3,0.00E+00,10
301869,9000 R2.0,5,1,3.00E+02,na
301869,9000 R2.0,5,2,2.00E+02,na
301869,9000 R2.0,5,3,6.00E+02,na
301869,9000 R2.0,6,1,2.90E+03,na
301869,9000 R2.0,6,2,4.00E+03,na
301869,9000 R2.0,6,3,3.40E+03,na
301869,9000 R2.0,7,1,5.00E+02,na
301869,9000 R2.0,7,2,6.00E+02,na
301869,9000 R2.0,7,3,3.00E+02,na
301869,9000 R2.0,8,1,1.00E+02,na
301869,9000 R2.0,8,2,1.00E+02,na
301869,9000 R2.0,8,3,0.00E+00,na
301869,9000 R2.0,9,1,0.00E+00,na
301869,9000 R2.0,9,2,0.00E+00,na
301869,9000 R2.0,9,3,2.00E+02,na
301869,9000 R2.0,10,1,0.00E+00,na
301869,9000 R2.0,10,2,1.00E+02,na
301869,9000 R2.0,10,3,0.00E+00,na
301869,9000 R2.0,11,1,0.00E+00,na
301869,9000 R2.0,11,2,1.00E+02,na
301869,9000 R2.0,11,3,0.00E+00,na
301869,9000 R2.0,12,1,0.00E+00,10
301869,9000 R2.0,12,2,0.00E+00,10
301869,9000 R2.0,12,3,0.00E+00,10
301869,9000 R2.0,13,1,1.00E+02,na
301869,9000 R2.0,13,2,0.00E+00,na
301869,9000 R2.0,13,3,0.00E+00,na
301869,9000 R2.0,15,1,0.00E+00,na
301869,9000 R2.0,15,2,0.00E+00,na
301869,9000 R2.0,15,3,2.00E+02,na
301869,9000 R2.0,16,1,0.00E+00,10
301869,9000 R2.0,16,2,0.00E+00,10
301869,9000 R2.0,16,3,0.00E+00,10
301869,9000 R2.0,17,1,0.00E+00,10
301869,9000 R2.0,17,2,0.00E+00,10
301869,9000 R2.0,17,3,0.00E+00,10
301869,9000 R2.0,18,1,0.00E+00,0
301869,9000 R2.0,18,2,0.00E+00,0
301869,9000 R2.0,18,3,0.00E+00,0
,,,,,
,,,,,
,,,,,
101449,9000 R2.0,0,1,0.00E+00,na
101449,9000 R2.0,0,2,0.00E+00,na
101449,9000 R2.0,0,3,0.00E+00,na
101449,9000 R2.0,1,1,0.00E+00,0
101449,9000 R2.0,1,2,0.00E+00,0
101449,9000 R2.0,1,3,0.00E+00,0
101449,9000 R2.0,2,1,0.00E+00,0
101449,9000 R2.0,2,2,0.00E+00,0
101449,9000 R2.0,2,3,0.00E+00,0
101449,9000 R2.0,3,1,0.00E+00,10
101449,9000 R2.0,3,2,0.00E+00,10
101449,9000 R2.0,3,3,0.00E+00,10
101449,9000 R2.0,4,1,2.00E+02,na
101449,9000 R2.0,4,2,0.00E+00,na
101449,9000 R2.0,4,3,1.00E+02,na
101449,9000 R2.0,5,1,4.30E+03,na
101449,9000 R2.0,5,2,5.50E+03,na
101449,9000 R2.0,5,3,5.20E+03,na
101449,9000 R2.0,6,1,1.02E+04,na
101449,9000 R2.0,6,2,8.30E+03,na
101449,9000 R2.0,6,3,1.03E+04,na
101449,9000 R2.0,7,1,8.00E+04,na
101449,9000 R2.0,7,2,7.10E+04,na
101449,9000 R2.0,7,3,5.40E+04,na
101449,9000 R2.0,8,1,2.00E+04,na
101449,9000 R2.0,8,2,4.00E+04,na
101449,9000 R2.0,8,3,2.00E+04,na
101449,9000 R2.0,9,1,9.40E+04,na
101449,9000 R2.0,9,2,9.00E+04,na
101449,9000 R2.0,9,3,1.15E+05,na
101449,9000 R2.0,10,1,3.30E+04,na
101449,9000 R2.0,10,2,4.70E+04,na
101449,9000 R2.0,10,3,4.80E+04,na
101449,9000 R2.0,11,1,1.50E+04,na
101449,9000 R2.0,11,2,1.70E+04,na
101449,9000 R2.0,11,3,2.10E+04,na
101449,9000 R2.0,12,1,2.20E+05,na
101449,9000 R2.0,12,2,2.40E+05,na
101449,9000 R2.0,12,3,1.40E+05,na
101449,9000 R2.0,13,1,3.00E+04,na
101449,9000 R2.0,13,2,2.00E+04,na
101449,9000 R2.0,13,3,0.00E+00,na
101449,9000 R2.0,15,1,5.60E+04,na
101449,9000 R2.0,15,2,6.10E+04,na
101449,9000 R2.0,15,3,4.10E+04,na
101449,9000 R2.0,16,1,9.00E+03,na
101449,9000 R2.0,16,2,6.00E+03,na
101449,9000 R2.0,16,3,2.40E+04,na
101449,9000 R2.0,17,1,1.80E+03,na
101449,9000 R2.0,17,2,1.60E+03,na
101449,9000 R2.0,17,3,1.70E+03,na
101449,9000 R2.0,18,1,4.70E+03,na
101449,9000 R2.0,18,2,3.70E+03,na
101449,9000 R2.0,18,3,5.30E+03,na
