Calf ID, Strain, Day, Replicate, Plate count, Broth Enrichment
601209, 9000WT, 0, 1, 0, 0
601209, 9000WT, 0, 2, 0, 0
601209, 9000WT, 0, 3, 0, 0
601209, 9000WT, 1, 1, 0, 0
601209, 9000WT, 1, 2, 0, 0
601209, 9000WT, 1, 3, 0, 0
601209, 9000WT, 2, 1, 0, 0
601209, 9000WT, 2, 2, 0, 0
601209, 9000WT, 2, 3, 0, 0
601209, 9000WT, 3, 1, 0, 0
601209, 9000WT, 3, 2, 0, 0
601209, 9000WT, 3, 3, 0, 0
601209, 9000WT, 4, 1, 0, 10
601209, 9000WT, 4, 2, 0, 10
601209, 9000WT, 4, 3, 0, 10
601209, 9000WT, 5, 1, 0, 0
601209, 9000WT, 5, 2, 0, 0
601209, 9000WT, 5, 3, 0, 0
601209, 9000WT, 6, 1, 0, 0
601209, 9000WT, 6, 2, 0, 0
601209, 9000WT, 6, 3, 0, 0
601209, 9000WT, 7, 1, 0, 0
601209, 9000WT, 7, 2, 0, 0
601209, 9000WT, 7, 3, 0, 0
601209, 9000WT, 8, 1, 0, 0
601209, 9000WT, 8, 2, 0, 0
601209, 9000WT, 8, 3, 0, 0
601209, 9000WT, 9, 1, NA, NA
601209, 9000WT, 9, 2, NA, NA
601209, 9000WT, 9, 3, NA, NA
601209, 9000WT, 10, 1, NA, NA
601209, 9000WT, 10, 2, NA, NA
601209, 9000WT, 10, 3, NA, NA
601209, 9000WT, 11, 1, NA, NA
601209, 9000WT, 11, 2, NA, NA
601209, 9000WT, 11, 3, NA, NA
601209, 9000WT, 12, 1, NA, NA
601209, 9000WT, 12, 2, NA, NA
601209, 9000WT, 12, 3, NA, NA
601209, 9000WT, 13, 1, NA, NA
601209, 9000WT, 13, 2, NA, NA
601209, 9000WT, 13, 3, NA, NA
601209, 9000WT, 15, 1, NA, NA
601209, 9000WT, 15, 2, NA, NA
601209, 9000WT, 15, 3, NA, NA
601209, 9000WT, 16, 1, NA, NA
601209, 9000WT, 16, 2, NA, NA
601209, 9000WT, 16, 3, NA, NA
601209, 9000WT, 17, 1, NA, NA
601209, 9000WT, 17, 2, NA, NA
601209, 9000WT, 17, 3, NA, NA
601209, 9000WT, 18, 1, NA, NA
601209, 9000WT, 18, 2, NA, NA
601209, 9000WT, 18, 3, NA, NA
601101, 9000WT, 0, 1, 0, 0
601101, 9000WT, 0, 2, 0, 0
601101, 9000WT, 0, 3, 0, 0
601101, 9000WT, 1, 1, 0, 0
601101, 9000WT, 1, 2, 0, 0
601101, 9000WT, 1, 3, 0, 0
601101, 9000WT, 2, 1, 0, 0
601101, 9000WT, 2, 2, 0, 0
601101, 9000WT, 2, 3, 0, 0
601101, 9000WT, 3, 1, 0, 0
601101, 9000WT, 3, 2, 0, 0
601101, 9000WT, 3, 3, 0, 0
601101, 9000WT, 4, 1, 0, 0
601101, 9000WT, 4, 2, 0, 0
601101, 9000WT, 4, 3, 0, 0
601101, 9000WT, 5, 1, 0, 10
601101, 9000WT, 5, 2, 0, 10
601101, 9000WT, 5, 3, 0, 10
601101, 9000WT, 6, 1, 0, 0
601101, 9000WT, 6, 2, 0, 0
601101, 9000WT, 6, 3, 0, 0
601101, 9000WT, 7, 1, 0, 10
601101, 9000WT, 7, 2, 0, 10
601101, 9000WT, 7, 3, 0, 10
601101, 9000WT, 8, 1, 0, 0
601101, 9000WT, 8, 2, 0, 0
601101, 9000WT, 8, 3, 0, 0
601101, 9000WT, 9, 1, 0, 0
601101, 9000WT, 9, 2, 0, 0
601101, 9000WT, 9, 3, 0, 0
601101, 9000WT, 10, 1, 0, 0
601101, 9000WT, 10, 2, 0, 0
601101, 9000WT, 10, 3, 0, 0
601101, 9000WT, 11, 1, 0, 10
601101, 9000WT, 11, 2, 0, 10
601101, 9000WT, 11, 3, 0, 10
601101, 9000WT, 12, 1, 0, 0
601101, 9000WT, 12, 2, 0, 0
601101, 9000WT, 12, 3, 0, 0
601101, 9000WT, 13, 1, 0, 0
601101, 9000WT, 13, 2, 0, 0
601101, 9000WT, 13, 3, 0, 0
601101, 9000WT, 15, 1, 0, 0
601101, 9000WT, 15, 2, 0, 0
601101, 9000WT, 15, 3, 0, 0
601101, 9000WT, 16, 1, 0, 0
601101, 9000WT, 16, 2, 0, 0
601101, 9000WT, 16, 3, 0, 0
601101, 9000WT, 17, 1, 0, 0
601101, 9000WT, 17, 2, 0, 0
601101, 9000WT, 17, 3, 0, 0
601101, 9000WT, 18, 1, 0, 0
601101, 9000WT, 18, 2, 0, 0
601101, 9000WT, 18, 3, 0, 0
403354, 9000WT, 0, 1, 0, 0
403354, 9000WT, 0, 2, 0, 0
403354, 9000WT, 0, 3, 0, 0
403354, 9000WT, 1, 1, 0, 10
403354, 9000WT, 1, 2, 0, 10
403354, 9000WT, 1, 3, 0, 10
403354, 9000WT, 2, 1, 0, 0
403354, 9000WT, 2, 2, 0, 0
403354, 9000WT, 2, 3, 0, 0
403354, 9000WT, 3, 1, 100, NA
403354, 9000WT, 3, 2, 0, NA
403354, 9000WT, 3, 3, 200, NA
403354, 9000WT, 4, 1, 0, 0
403354, 9000WT, 4, 2, 0, 0
403354, 9000WT, 4, 3, 0, 0
403354, 9000WT, 5, 1, 0, 0
403354, 9000WT, 5, 2, 0, 0
403354, 9000WT, 5, 3, 0, 0
403354, 9000WT, 6, 1, 0, 0
403354, 9000WT, 6, 2, 0, 0
403354, 9000WT, 6, 3, 0, 0
403354, 9000WT, 7, 1, 0, 0
403354, 9000WT, 7, 2, 0, 0
403354, 9000WT, 7, 3, 0, 0
403354, 9000WT, 8, 1, 0, 0
403354, 9000WT, 8, 2, 0, 0
403354, 9000WT, 8, 3, 0, 0
403354, 9000WT, 9, 1, 0, 10
403354, 9000WT, 9, 2, 0, 10
403354, 9000WT, 9, 3, 0, 10
403354, 9000WT, 10, 1, 0, 10
403354, 9000WT, 10, 2, 0, 10
403354, 9000WT, 10, 3, 0, 10
403354, 9000WT, 11, 1, 0, 10
403354, 9000WT, 11, 2, 0, 10
403354, 9000WT, 11, 3, 0, 10
403354, 9000WT, 12, 1, 200, NA
403354, 9000WT, 12, 2, 0, NA
403354, 9000WT, 12, 3, 0, NA
403354, 9000WT, 13, 1, 0, 0
403354, 9000WT, 13, 2, 0, 0
403354, 9000WT, 13, 3, 0, 0
403354, 9000WT, 15, 1, 0, 0
403354, 9000WT, 15, 2, 0, 0
403354, 9000WT, 15, 3, 0, 0
403354, 9000WT, 16, 1, 0, 0
403354, 9000WT, 16, 2, 0, 0
403354, 9000WT, 16, 3, 0, 0
403354, 9000WT, 17, 1, 0, 0
403354, 9000WT, 17, 2, 0, 0
403354, 9000WT, 17, 3, 0, 0
403354, 9000WT, 18, 1, 0, 0
403354, 9000WT, 18, 2, 0, 0
403354, 9000WT, 18, 3, 0, 0
201205, 9000WT, 0, 1, 0, 0
201205, 9000WT, 0, 2, 0, 0
201205, 9000WT, 0, 3, 0, 0
201205, 9000WT, 1, 1, 0, 0
201205, 9000WT, 1, 2, 0, 0
201205, 9000WT, 1, 3, 0, 0
201205, 9000WT, 2, 1, 0, 0
201205, 9000WT, 2, 2, 0, 0
201205, 9000WT, 2, 3, 0, 0
201205, 9000WT, 3, 1, 0, 0
201205, 9000WT, 3, 2, 0, 0
201205, 9000WT, 3, 3, 0, 0
201205, 9000WT, 4, 1, 0, 0
201205, 9000WT, 4, 2, 0, 0
201205, 9000WT, 4, 3, 0, 0
201205, 9000WT, 5, 1, 0, 0
201205, 9000WT, 5, 2, 0, 0
201205, 9000WT, 5, 3, 0, 0
201205, 9000WT, 6, 1, 100, NA
201205, 9000WT, 6, 2, 0, NA
201205, 9000WT, 6, 3, 0, NA
201205, 9000WT, 7, 1, 22700, NA
201205, 9000WT, 7, 2, 24000, NA
201205, 9000WT, 7, 3, 20800, NA
201205, 9000WT, 8, 1, 14700, NA
201205, 9000WT, 8, 2, 14500, NA
201205, 9000WT, 8, 3, 10600, NA
201205, 9000WT, 9, 1, 22000, NA
201205, 9000WT, 9, 2, 24000, NA
201205, 9000WT, 9, 3, 29000, NA
201205, 9000WT, 10, 1, 100, NA
201205, 9000WT, 10, 2, 100, NA
201205, 9000WT, 10, 3, 0, NA
201205, 9000WT, 11, 1, 100, NA
201205, 9000WT, 11, 2, 100, NA
201205, 9000WT, 11, 3, 0, NA
201205, 9000WT, 12, 1, 200, NA
201205, 9000WT, 12, 2, 0, NA
201205, 9000WT, 12, 3, 0, NA
201205, 9000WT, 13, 1, 100, NA
201205, 9000WT, 13, 2, 0, NA
201205, 9000WT, 13, 3, 0, NA
201205, 9000WT, 15, 1, 0, 0
201205, 9000WT, 15, 2, 0, 0
201205, 9000WT, 15, 3, 0, 0
201205, 9000WT, 16, 1, 0, 0
201205, 9000WT, 16, 2, 0, 0
201205, 9000WT, 16, 3, 0, 0
201205, 9000WT, 17, 1, 0, 0
201205, 9000WT, 17, 2, 0, 0
201205, 9000WT, 17, 3, 0, 0
201205, 9000WT, 18, 1, 0, 0
201205, 9000WT, 18, 2, 0, 0
201205, 9000WT, 18, 3, 0, 0
401099, 9000WT, 0, 1, 0, 0
401099, 9000WT, 0, 2, 0, 0
401099, 9000WT, 0, 3, 0, 0
401099, 9000WT, 1, 1, 0, 0
401099, 9000WT, 1, 2, 0, 0
401099, 9000WT, 1, 3, 0, 0
401099, 9000WT, 2, 1, 0, 0
401099, 9000WT, 2, 2, 0, 0
401099, 9000WT, 2, 3, 0, 0
401099, 9000WT, 3, 1, 0, 10
401099, 9000WT, 3, 2, 0, 10
401099, 9000WT, 3, 3, 0, 10
401099, 9000WT, 4, 1, 0, 0
401099, 9000WT, 4, 2, 0, 0
401099, 9000WT, 4, 3, 0, 0
401099, 9000WT, 5, 1, 0, 0
401099, 9000WT, 5, 2, 0, 0
401099, 9000WT, 5, 3, 0, 0
401099, 9000WT, 6, 1, 0, 0
401099, 9000WT, 6, 2, 0, 0
401099, 9000WT, 6, 3, 0, 0
401099, 9000WT, 7, 1, 0, 0
401099, 9000WT, 7, 2, 0, 0
401099, 9000WT, 7, 3, 0, 0
401099, 9000WT, 8, 1, 0, 0
401099, 9000WT, 8, 2, 0, 0
401099, 9000WT, 8, 3, 0, 0
401099, 9000WT, 9, 1, 0, 0
401099, 9000WT, 9, 2, 0, 0
401099, 9000WT, 9, 3, 0, 0
401099, 9000WT, 10, 1, 0, 10
401099, 9000WT, 10, 2, 0, 10
401099, 9000WT, 10, 3, 0, 10
401099, 9000WT, 11, 1, 0, 0
401099, 9000WT, 11, 2, 0, 0
401099, 9000WT, 11, 3, 0, 0
401099, 9000WT, 12, 1, 0, 0
401099, 9000WT, 12, 2, 0, 0
401099, 9000WT, 12, 3, 0, 0
401099, 9000WT, 13, 1, 0, 0
401099, 9000WT, 13, 2, 0, 0
401099, 9000WT, 13, 3, 0, 0
401099, 9000WT, 15, 1, 0, 10
401099, 9000WT, 15, 2, 0, 10
401099, 9000WT, 15, 3, 0, 10
401099, 9000WT, 16, 1, 0, 0
401099, 9000WT, 16, 2, 0, 0
401099, 9000WT, 16, 3, 0, 0
401099, 9000WT, 17, 1, 0, 0
401099, 9000WT, 17, 2, 0, 0
401099, 9000WT, 17, 3, 0, 0
401099, 9000WT, 18, 1, 0, 10
401099, 9000WT, 18, 2, 0, 10
401099, 9000WT, 18, 3, 0, 10
EnvC2, 9000WT, 0, 1, 0, NA
EnvC2, 9000WT, 0, 2, 0, NA
EnvC2, 9000WT, 0, 3, 0, NA
EnvC2, 9000WT, 1, 1, 20000, NA
EnvC2, 9000WT, 1, 2, 40000, NA
EnvC2, 9000WT, 1, 3, 50000, NA
EnvC2, 9000WT, 2, 1, 15000, NA
EnvC2, 9000WT, 2, 2, 15000, NA
EnvC2, 9000WT, 2, 3, 13000, NA
EnvC2, 9000WT, 3, 1, 20000, NA
EnvC2, 9000WT, 3, 2, 13000, NA
EnvC2, 9000WT, 3, 3, 29000, NA
EnvC2, 9000WT, 4, 1, 130000, NA
EnvC2, 9000WT, 4, 2, 100000, NA
EnvC2, 9000WT, 4, 3, 80000, NA
EnvC2, 9000WT, 5, 1, 10000, NA
EnvC2, 9000WT, 5, 2, 7000, NA
EnvC2, 9000WT, 5, 3, 8000, NA
EnvC2, 9000WT, 6, 1, 2000, NA
EnvC2, 9000WT, 6, 2, 2000, NA
EnvC2, 9000WT, 6, 3, 3000, NA
EnvC2, 9000WT, 7, 1, 1000, NA
EnvC2, 9000WT, 7, 2, 2700, NA
EnvC2, 9000WT, 7, 3, 1400, NA
EnvC2, 9000WT, 8, 1, 10900, NA
EnvC2, 9000WT, 8, 2, 9400, NA
EnvC2, 9000WT, 8, 3, 7100, NA
EnvC2, 9000WT, 9, 1, 2000, NA
EnvC2, 9000WT, 9, 2, 2000, NA
EnvC2, 9000WT, 9, 3, 3000, NA
EnvC2, 9000WT, 10, 1, 1000, NA
EnvC2, 9000WT, 10, 2, 3000, NA
EnvC2, 9000WT, 10, 3, 2000, NA
EnvC2, 9000WT, 11, 1, 600, NA
EnvC2, 9000WT, 11, 2, 500, NA
EnvC2, 9000WT, 11, 3, 300, NA
EnvC2, 9000WT, 12, 1, 1600, NA
EnvC2, 9000WT, 12, 2, 1600, NA
EnvC2, 9000WT, 12, 3, 1900, NA
EnvC2, 9000WT, 13, 1, 100, NA
EnvC2, 9000WT, 13, 2, 0, NA
EnvC2, 9000WT, 13, 3, 0, NA
EnvC2, 9000WT, 15, 1, 800, NA
EnvC2, 9000WT, 15, 2, 900, NA
EnvC2, 9000WT, 15, 3, 800, NA
EnvC2, 9000WT, 16, 1, 300, NA
EnvC2, 9000WT, 16, 2, 500, NA
EnvC2, 9000WT, 16, 3, 100, NA
EnvC2, 9000WT, 17, 1, 800, NA
EnvC2, 9000WT, 17, 2, 200, NA
EnvC2, 9000WT, 17, 3, 900, NA
EnvC2, 9000WT, 18, 1, 100, NA
EnvC2, 9000WT, 18, 2, 0, NA
EnvC2, 9000WT, 18, 3, 0, NA
401207, 9000WT, 0, 1, 0, 0
401207, 9000WT, 0, 2, 0, 0
401207, 9000WT, 0, 3, 0, 0
401207, 9000WT, 1, 1, 0, 0
401207, 9000WT, 1, 2, 0, 0
401207, 9000WT, 1, 3, 0, 0
401207, 9000WT, 2, 1, 0, 10
401207, 9000WT, 2, 2, 0, 10
401207, 9000WT, 2, 3, 0, 10
401207, 9000WT, 3, 1, 100, NA
401207, 9000WT, 3, 2, 0, NA
401207, 9000WT, 3, 3, 0, NA
401207, 9000WT, 4, 1, 0, 10
401207, 9000WT, 4, 2, 0, 10
401207, 9000WT, 4, 3, 0, 10
401207, 9000WT, 5, 1, 0, 0
401207, 9000WT, 5, 2, 0, 0
401207, 9000WT, 5, 3, 0, 0
401207, 9000WT, 6, 1, 0, 0
401207, 9000WT, 6, 2, 0, 0
401207, 9000WT, 6, 3, 0, 0
401207, 9000WT, 7, 1, 0, 0
401207, 9000WT, 7, 2, 0, 0
401207, 9000WT, 7, 3, 0, 0
401207, 9000WT, 8, 1, 0, 0
401207, 9000WT, 8, 2, 0, 0
401207, 9000WT, 8, 3, 0, 0
401207, 9000WT, 9, 1, 0, 0
401207, 9000WT, 9, 2, 0, 0
401207, 9000WT, 9, 3, 0, 0
401207, 9000WT, 10, 1, 0, 0
401207, 9000WT, 10, 2, 0, 0
401207, 9000WT, 10, 3, 0, 0
401207, 9000WT, 11, 1, 0, 0
401207, 9000WT, 11, 2, 0, 0
401207, 9000WT, 11, 3, 0, 0
401207, 9000WT, 12, 1, NA, NA
401207, 9000WT, 12, 2, NA, NA
401207, 9000WT, 12, 3, NA, NA
401207, 9000WT, 13, 1, 0, 0
401207, 9000WT, 13, 2, 0, 0
401207, 9000WT, 13, 3, 0, 0
401207, 9000WT, 15, 1, 0, 0
401207, 9000WT, 15, 2, 0, 0
401207, 9000WT, 15, 3, 0, 0
401207, 9000WT, 16, 1, 0, 0
401207, 9000WT, 16, 2, 0, 0
401207, 9000WT, 16, 3, 0, 0
401207, 9000WT, 17, 1, 0, 0
401207, 9000WT, 17, 2, 0, 0
401207, 9000WT, 17, 3, 0, 0
401207, 9000WT, 18, 1, 0, 10
401207, 9000WT, 18, 2, 0, 10
401207, 9000WT, 18, 3, 0, 10
501100, 9000WT, 0, 1, 0, 0
501100, 9000WT, 0, 2, 0, 0
501100, 9000WT, 0, 3, 0, 0
501100, 9000WT, 1, 1, 0, 0
501100, 9000WT, 1, 2, 0, 0
501100, 9000WT, 1, 3, 0, 0
501100, 9000WT, 2, 1, 0, 0
501100, 9000WT, 2, 2, 0, 0
501100, 9000WT, 2, 3, 0, 0
501100, 9000WT, 3, 1, 0, 0
501100, 9000WT, 3, 2, 0, 0
501100, 9000WT, 3, 3, 0, 0
501100, 9000WT, 4, 1, 0, 0
501100, 9000WT, 4, 2, 0, 0
501100, 9000WT, 4, 3, 0, 0
501100, 9000WT, 5, 1, 0, 0
501100, 9000WT, 5, 2, 0, 0
501100, 9000WT, 5, 3, 0, 0
501100, 9000WT, 6, 1, 0, 0
501100, 9000WT, 6, 2, 0, 0
501100, 9000WT, 6, 3, 0, 0
501100, 9000WT, 7, 1, 0, 0
501100, 9000WT, 7, 2, 0, 0
501100, 9000WT, 7, 3, 0, 0
501100, 9000WT, 8, 1, 0, 0
501100, 9000WT, 8, 2, 0, 0
501100, 9000WT, 8, 3, 0, 0
501100, 9000WT, 9, 1, 0, 0
501100, 9000WT, 9, 2, 0, 0
501100, 9000WT, 9, 3, 0, 0
501100, 9000WT, 10, 1, 0, 0
501100, 9000WT, 10, 2, 0, 0
501100, 9000WT, 10, 3, 0, 0
501100, 9000WT, 11, 1, 0, 0
501100, 9000WT, 11, 2, 0, 0
501100, 9000WT, 11, 3, 0, 0
501100, 9000WT, 12, 1, NA, NA
501100, 9000WT, 12, 2, NA, NA
501100, 9000WT, 12, 3, NA, NA
501100, 9000WT, 13, 1, 0, 0
501100, 9000WT, 13, 2, 0, 0
501100, 9000WT, 13, 3, 0, 0
501100, 9000WT, 15, 1, 0, 0
501100, 9000WT, 15, 2, 0, 0
501100, 9000WT, 15, 3, 0, 0
501100, 9000WT, 16, 1, 0, 0
501100, 9000WT, 16, 2, 0, 0
501100, 9000WT, 16, 3, 0, 0
501100, 9000WT, 17, 1, 0, 0
501100, 9000WT, 17, 2, 0, 0
501100, 9000WT, 17, 3, 0, 0
501100, 9000WT, 18, 1, 0, 0
501100, 9000WT, 18, 2, 0, 0
501100, 9000WT, 18, 3, 0, 0
603477, 9000WT, 0, 1, 0, 0
603477, 9000WT, 0, 2, 0, 0
603477, 9000WT, 0, 3, 0, 0
603477, 9000WT, 1, 1, 0, 0
603477, 9000WT, 1, 2, 0, 0
603477, 9000WT, 1, 3, 0, 0
603477, 9000WT, 2, 1, 0, 0
603477, 9000WT, 2, 2, 0, 0
603477, 9000WT, 2, 3, 0, 0
603477, 9000WT, 3, 1, 0, 10
603477, 9000WT, 3, 2, 0, 10
603477, 9000WT, 3, 3, 0, 10
603477, 9000WT, 4, 1, 0, 10
603477, 9000WT, 4, 2, 0, 10
603477, 9000WT, 4, 3, 0, 10
603477, 9000WT, 5, 1, 0, 0
603477, 9000WT, 5, 2, 0, 0
603477, 9000WT, 5, 3, 0, 0
603477, 9000WT, 6, 1, 0, 0
603477, 9000WT, 6, 2, 0, 0
603477, 9000WT, 6, 3, 0, 0
603477, 9000WT, 7, 1, 0, 0
603477, 9000WT, 7, 2, 0, 0
603477, 9000WT, 7, 3, 0, 0
603477, 9000WT, 8, 1, 0, 0
603477, 9000WT, 8, 2, 0, 0
603477, 9000WT, 8, 3, 0, 0
603477, 9000WT, 9, 1, 0, 0
603477, 9000WT, 9, 2, 0, 0
603477, 9000WT, 9, 3, 0, 0
603477, 9000WT, 10, 1, 0, 0
603477, 9000WT, 10, 2, 0, 0
603477, 9000WT, 10, 3, 0, 0
603477, 9000WT, 11, 1, 0, 0
603477, 9000WT, 11, 2, 0, 0
603477, 9000WT, 11, 3, 0, 0
603477, 9000WT, 12, 1, NA, NA
603477, 9000WT, 12, 2, NA, NA
603477, 9000WT, 12, 3, NA, NA
603477, 9000WT, 13, 1, 0, 0
603477, 9000WT, 13, 2, 0, 0
603477, 9000WT, 13, 3, 0, 0
603477, 9000WT, 15, 1, 0, 0
603477, 9000WT, 15, 2, 0, 0
603477, 9000WT, 15, 3, 0, 0
603477, 9000WT, 16, 1, 0, 0
603477, 9000WT, 16, 2, 0, 0
603477, 9000WT, 16, 3, 0, 0
603477, 9000WT, 17, 1, 0, 0
603477, 9000WT, 17, 2, 0, 0
603477, 9000WT, 17, 3, 0, 0
603477, 9000WT, 18, 1, 0, 0
603477, 9000WT, 18, 2, 0, 0
603477, 9000WT, 18, 3, 0, 0
103351, 9000WT, 0, 1, 0, 0
103351, 9000WT, 0, 2, 0, 0
103351, 9000WT, 0, 3, 0, 0
103351, 9000WT, 1, 1, 0, 0
103351, 9000WT, 1, 2, 0, 0
103351, 9000WT, 1, 3, 0, 0
103351, 9000WT, 2, 1, 0, 0
103351, 9000WT, 2, 2, 0, 0
103351, 9000WT, 2, 3, 0, 0
103351, 9000WT, 3, 1, 0, 0
103351, 9000WT, 3, 2, 0, 0
103351, 9000WT, 3, 3, 0, 0
103351, 9000WT, 4, 1, 0, 10
103351, 9000WT, 4, 2, 0, 10
103351, 9000WT, 4, 3, 0, 10
103351, 9000WT, 5, 1, 0, 0
103351, 9000WT, 5, 2, 0, 0
103351, 9000WT, 5, 3, 0, 0
103351, 9000WT, 6, 1, 0, 10
103351, 9000WT, 6, 2, 0, 10
103351, 9000WT, 6, 3, 0, 10
103351, 9000WT, 7, 1, 0, 0
103351, 9000WT, 7, 2, 0, 0
103351, 9000WT, 7, 3, 0, 0
103351, 9000WT, 8, 1, 0, 0
103351, 9000WT, 8, 2, 0, 0
103351, 9000WT, 8, 3, 0, 0
103351, 9000WT, 9, 1, 0, 10
103351, 9000WT, 9, 2, 0, 10
103351, 9000WT, 9, 3, 0, 10
103351, 9000WT, 10, 1, 0, 0
103351, 9000WT, 10, 2, 0, 0
103351, 9000WT, 10, 3, 0, 0
103351, 9000WT, 11, 1, 0, 0
103351, 9000WT, 11, 2, 0, 0
103351, 9000WT, 11, 3, 0, 0
103351, 9000WT, 12, 1, NA, NA
103351, 9000WT, 12, 2, NA, NA
103351, 9000WT, 12, 3, NA, NA
103351, 9000WT, 13, 1, 0, 0
103351, 9000WT, 13, 2, 0, 0
103351, 9000WT, 13, 3, 0, 0
103351, 9000WT, 15, 1, 0, 10
103351, 9000WT, 15, 2, 0, 10
103351, 9000WT, 15, 3, 0, 10
103351, 9000WT, 16, 1, 0, 0
103351, 9000WT, 16, 2, 0, 0
103351, 9000WT, 16, 3, 0, 0
103351, 9000WT, 17, 1, 0, 0
103351, 9000WT, 17, 2, 0, 0
103351, 9000WT, 17, 3, 0, 0
103351, 9000WT, 18, 1, 0, 0
103351, 9000WT, 18, 2, 0, 0
103351, 9000WT, 18, 3, 0, 0
503355, 9000WT, 0, 1, 0, 0
503355, 9000WT, 0, 2, 0, 0
503355, 9000WT, 0, 3, 0, 0
503355, 9000WT, 1, 1, 0, 0
503355, 9000WT, 1, 2, 0, 0
503355, 9000WT, 1, 3, 0, 0
503355, 9000WT, 2, 1, 0, 10
503355, 9000WT, 2, 2, 0, 10
503355, 9000WT, 2, 3, 0, 10
503355, 9000WT, 3, 1, 100, NA
503355, 9000WT, 3, 2, 0, NA
503355, 9000WT, 3, 3, 0, NA
503355, 9000WT, 4, 1, 0, 0
503355, 9000WT, 4, 2, 0, 0
503355, 9000WT, 4, 3, 0, 0
503355, 9000WT, 5, 1, 0, 0
503355, 9000WT, 5, 2, 0, 0
503355, 9000WT, 5, 3, 0, 0
503355, 9000WT, 6, 1, 0, 0
503355, 9000WT, 6, 2, 0, 0
503355, 9000WT, 6, 3, 0, 0
503355, 9000WT, 7, 1, 0, 0
503355, 9000WT, 7, 2, 0, 0
503355, 9000WT, 7, 3, 0, 0
503355, 9000WT, 8, 1, 0, 0
503355, 9000WT, 8, 2, 0, 0
503355, 9000WT, 8, 3, 0, 0
503355, 9000WT, 9, 1, 0, 0
503355, 9000WT, 9, 2, 0, 0
503355, 9000WT, 9, 3, 0, 0
503355, 9000WT, 10, 1, 0, 0
503355, 9000WT, 10, 2, 0, 0
503355, 9000WT, 10, 3, 0, 0
503355, 9000WT, 11, 1, 0, 0
503355, 9000WT, 11, 2, 0, 0
503355, 9000WT, 11, 3, 0, 0
503355, 9000WT, 12, 1, NA, NA
503355, 9000WT, 12, 2, NA, NA
503355, 9000WT, 12, 3, NA, NA
503355, 9000WT, 13, 1, 0, 0
503355, 9000WT, 13, 2, 0, 0
503355, 9000WT, 13, 3, 0, 0
503355, 9000WT, 15, 1, 0, 0
503355, 9000WT, 15, 2, 0, 0
503355, 9000WT, 15, 3, 0, 0
503355, 9000WT, 16, 1, 0, 0
503355, 9000WT, 16, 2, 0, 0
503355, 9000WT, 16, 3, 0, 0
503355, 9000WT, 17, 1, 0, 0
503355, 9000WT, 17, 2, 0, 0
503355, 9000WT, 17, 3, 0, 0
503355, 9000WT, 17, 1, 0, 0
503355, 9000WT, 17, 2, 0, 0
503355, 9000WT, 17, 3, 0, 0
EnvC3, 9000WT, 0, 1, 0, NA
EnvC3, 9000WT, 0, 2, 0, NA
EnvC3, 9000WT, 0, 3, 0, NA
EnvC3, 9000WT, 1, 1, 200, NA
EnvC3, 9000WT, 1, 2, 100, NA
EnvC3, 9000WT, 1, 3, 0, NA
EnvC3, 9000WT, 2, 1, 120000, NA
EnvC3, 9000WT, 2, 2, 100000, NA
EnvC3, 9000WT, 2, 3, 130000, NA
EnvC3, 9000WT, 3, 1, 90000, NA
EnvC3, 9000WT, 3, 2, 50000, NA
EnvC3, 9000WT, 3, 3, 20000, NA
EnvC3, 9000WT, 4, 1, 2000, NA
EnvC3, 9000WT, 4, 2, 0, NA
EnvC3, 9000WT, 4, 3, 2000, NA
EnvC3, 9000WT, 5, 1, 1000, NA
EnvC3, 9000WT, 5, 2, 2000, NA
EnvC3, 9000WT, 5, 3, 1000, NA
EnvC3, 9000WT, 6, 1, 6000, NA
EnvC3, 9000WT, 6, 2, 0, NA
EnvC3, 9000WT, 6, 3, 2000, NA
EnvC3, 9000WT, 7, 1, 200, NA
EnvC3, 9000WT, 7, 2, 100, NA
EnvC3, 9000WT, 7, 3, 100, NA
EnvC3, 9000WT, 8, 1, 100, NA
EnvC3, 9000WT, 8, 2, 200, NA
EnvC3, 9000WT, 8, 3, 400, NA
EnvC3, 9000WT, 9, 1, 100, NA
EnvC3, 9000WT, 9, 2, 0, NA
EnvC3, 9000WT, 9, 3, 100, NA
EnvC3, 9000WT, 10, 1, 100, NA
EnvC3, 9000WT, 10, 2, 0, NA
EnvC3, 9000WT, 10, 3, 0, NA
EnvC3, 9000WT, 11, 1, 0, 10
EnvC3, 9000WT, 11, 2, 0, 10
EnvC3, 9000WT, 11, 3, 0, 10
EnvC3, 9000WT, 12, 1, NA, NA
EnvC3, 9000WT, 12, 2, NA, NA
EnvC3, 9000WT, 12, 3, NA, NA
EnvC3, 9000WT, 13, 1, 400, NA
EnvC3, 9000WT, 13, 2, 800, NA
EnvC3, 9000WT, 13, 3, 700, NA
EnvC3, 9000WT, 15, 1, 0, 10
EnvC3, 9000WT, 15, 2, 0, 10
EnvC3, 9000WT, 15, 3, 0, 10
EnvC3, 9000WT, 16, 1, 100, NA
EnvC3, 9000WT, 16, 2, 0, NA
EnvC3, 9000WT, 16, 3, 0, NA
EnvC3, 9000WT, 17, 1, 100, NA
EnvC3, 9000WT, 17, 2, 0, NA
EnvC3, 9000WT, 17, 3, 0, NA
EnvC3, 9000WT, 18, 1, 100, NA
EnvC3, 9000WT, 18, 2, 0, NA
EnvC3, 9000WT, 18, 3, 0, NA
103521, 10671, 0, 1, 0, 0
103521, 10671, 0, 2, 0, 0
103521, 10671, 0, 3, 0, 0
103521, 10671, 1, 1, 0, 0
103521, 10671, 1, 2, 0, 0
103521, 10671, 1, 3, 0, 0
103521, 10671, 2, 1, 0, 0
103521, 10671, 2, 2, 0, 0
103521, 10671, 2, 3, 0, 0
103521, 10671, 3, 1, 0, 0
103521, 10671, 3, 2, 0, 0
103521, 10671, 3, 3, 0, 0
103521, 10671, 4, 1, 0, 0
103521, 10671, 4, 2, 0, 0
103521, 10671, 4, 3, 0, 0
103521, 10671, 5, 1, 0, 0
103521, 10671, 5, 2, 0, 0
103521, 10671, 5, 3, 0, 0
103521, 10671, 6, 1, 0, 0
103521, 10671, 6, 2, 0, 0
103521, 10671, 6, 3, 0, 0
103521, 10671, 7, 1, 0, 0
103521, 10671, 7, 2, 0, 0
103521, 10671, 7, 3, 0, 0
103521, 10671, 8, 1, 0, 0
103521, 10671, 8, 2, 0, 0
103521, 10671, 8, 3, 0, 0
103521, 10671, 9, 1, 0, 0
103521, 10671, 9, 2, 0, 0
103521, 10671, 9, 3, 0, 0
103521, 10671, 10, 1, 0, 0
103521, 10671, 10, 2, 0, 0
103521, 10671, 10, 3, 0, 0
103521, 10671, 11, 1, 0, 0
103521, 10671, 11, 2, 0, 0
103521, 10671, 11, 3, 0, 0
103521, 10671, 12, 1, 0, 0
103521, 10671, 12, 2, 0, 0
103521, 10671, 12, 3, 0, 0
103521, 10671, 13, 1, 0, 0
103521, 10671, 13, 2, 0, 0
103521, 10671, 13, 3, 0, 0
103521, 10671, 15, 1, 0, 0
103521, 10671, 15, 2, 0, 0
103521, 10671, 15, 3, 0, 0
103521, 10671, 16, 1, 0, 0
103521, 10671, 16, 2, 0, 0
103521, 10671, 16, 3, 0, 0
103521, 10671, 17, 1, 0, 0
103521, 10671, 17, 2, 0, 0
103521, 10671, 17, 3, 0, 0
103521, 10671, 18, 1, 0, 0
103521, 10671, 18, 2, 0, 0
103521, 10671, 18, 3, 0, 0
303523, 10671, 0, 1, 0, 0
303523, 10671, 0, 2, 0, 0
303523, 10671, 0, 3, 0, 0
303523, 10671, 1, 1, 0, 0
303523, 10671, 1, 2, 0, 0
303523, 10671, 1, 3, 0, 0
303523, 10671, 2, 1, 0, 0
303523, 10671, 2, 2, 0, 0
303523, 10671, 2, 3, 0, 0
303523, 10671, 3, 1, 0, 0
303523, 10671, 3, 2, 0, 0
303523, 10671, 3, 3, 0, 0
303523, 10671, 4, 1, 0, 0
303523, 10671, 4, 2, 0, 0
303523, 10671, 4, 3, 0, 0
303523, 10671, 5, 1, 0, 0
303523, 10671, 5, 2, 0, 0
303523, 10671, 5, 3, 0, 0
303523, 10671, 6, 1, 0, 0
303523, 10671, 6, 2, 0, 0
303523, 10671, 6, 3, 0, 0
303523, 10671, 7, 1, 0, 0
303523, 10671, 7, 2, 0, 0
303523, 10671, 7, 3, 0, 0
303523, 10671, 8, 1, 0, 0
303523, 10671, 8, 2, 0, 0
303523, 10671, 8, 3, 0, 0
303523, 10671, 9, 1, 0, 0
303523, 10671, 9, 2, 0, 0
303523, 10671, 9, 3, 0, 0
303523, 10671, 10, 1, 0, 0
303523, 10671, 10, 2, 0, 0
303523, 10671, 10, 3, 0, 0
303523, 10671, 11, 1, 0, 0
303523, 10671, 11, 2, 0, 0
303523, 10671, 11, 3, 0, 0
303523, 10671, 12, 1, 0, 0
303523, 10671, 12, 2, 0, 0
303523, 10671, 12, 3, 0, 0
303523, 10671, 13, 1, 0, 0
303523, 10671, 13, 2, 0, 0
303523, 10671, 13, 3, 0, 0
303523, 10671, 15, 1, 0, 0
303523, 10671, 15, 2, 0, 0
303523, 10671, 15, 3, 0, 0
303523, 10671, 16, 1, 0, 0
303523, 10671, 16, 2, 0, 0
303523, 10671, 16, 3, 0, 0
303523, 10671, 17, 1, 0, 0
303523, 10671, 17, 2, 0, 0
303523, 10671, 17, 3, 0, 0
303523, 10671, 18, 1, 0, 0
303523, 10671, 18, 2, 0, 0
303523, 10671, 18, 3, 0, 0
503518, 10671, 0, 1, 0, 0
503518, 10671, 0, 2, 0, 0
503518, 10671, 0, 3, 0, 0
503518, 10671, 1, 1, 0, 0
503518, 10671, 1, 2, 0, 0
503518, 10671, 1, 3, 0, 0
503518, 10671, 2, 1, 0, 0
503518, 10671, 2, 2, 0, 0
503518, 10671, 2, 3, 0, 0
503518, 10671, 3, 1, 0, 0
503518, 10671, 3, 2, 0, 0
503518, 10671, 3, 3, 0, 0
503518, 10671, 4, 1, 0, 0
503518, 10671, 4, 2, 0, 0
503518, 10671, 4, 3, 0, 0
503518, 10671, 5, 1, 0, 0
503518, 10671, 5, 2, 0, 0
503518, 10671, 5, 3, 0, 0
503518, 10671, 6, 1, 0, 0
503518, 10671, 6, 2, 0, 0
503518, 10671, 6, 3, 0, 0
503518, 10671, 7, 1, 0, 0
503518, 10671, 7, 2, 0, 0
503518, 10671, 7, 3, 0, 0
503518, 10671, 8, 1, 0, 0
503518, 10671, 8, 2, 0, 0
503518, 10671, 8, 3, 0, 0
503518, 10671, 9, 1, 0, 0
503518, 10671, 9, 2, 0, 0
503518, 10671, 9, 3, 0, 0
503518, 10671, 10, 1, 0, 0
503518, 10671, 10, 2, 0, 0
503518, 10671, 10, 3, 0, 0
503518, 10671, 11, 1, 0, 0
503518, 10671, 11, 2, 0, 0
503518, 10671, 11, 3, 0, 0
503518, 10671, 12, 1, 0, 0
503518, 10671, 12, 2, 0, 0
503518, 10671, 12, 3, 0, 0
503518, 10671, 13, 1, 0, 0
503518, 10671, 13, 2, 0, 0
503518, 10671, 13, 3, 0, 0
503518, 10671, 15, 1, 0, 0
503518, 10671, 15, 2, 0, 0
503518, 10671, 15, 3, 0, 0
503518, 10671, 16, 1, 0, 0
503518, 10671, 16, 2, 0, 0
503518, 10671, 16, 3, 0, 0
503518, 10671, 17, 1, 0, 0
503518, 10671, 17, 2, 0, 0
503518, 10671, 17, 3, 0, 0
503518, 10671, 18, 1, 0, 0
503518, 10671, 18, 2, 0, 0
503518, 10671, 18, 3, 0, 0
601881, 10671, 0, 1, 0, 0
601881, 10671, 0, 2, 0, 0
601881, 10671, 0, 3, 0, 0
601881, 10671, 1, 1, 0, 0
601881, 10671, 1, 2, 0, 0
601881, 10671, 1, 3, 0, 0
601881, 10671, 2, 1, 0, 0
601881, 10671, 2, 2, 0, 0
601881, 10671, 2, 3, 0, 0
601881, 10671, 3, 1, 0, 0
601881, 10671, 3, 2, 0, 0
601881, 10671, 3, 3, 0, 0
601881, 10671, 4, 1, 0, 0
601881, 10671, 4, 2, 0, 0
601881, 10671, 4, 3, 0, 0
601881, 10671, 5, 1, 0, 0
601881, 10671, 5, 2, 0, 0
601881, 10671, 5, 3, 0, 0
601881, 10671, 6, 1, 0, 0
601881, 10671, 6, 2, 0, 0
601881, 10671, 6, 3, 0, 0
601881, 10671, 7, 1, 0, 0
601881, 10671, 7, 2, 0, 0
601881, 10671, 7, 3, 0, 0
601881, 10671, 8, 1, 0, 0
601881, 10671, 8, 2, 0, 0
601881, 10671, 8, 3, 0, 0
601881, 10671, 9, 1, 0, 0
601881, 10671, 9, 2, 0, 0
601881, 10671, 9, 3, 0, 0
601881, 10671, 10, 1, 0, 0
601881, 10671, 10, 2, 0, 0
601881, 10671, 10, 3, 0, 0
601881, 10671, 11, 1, 0, 0
601881, 10671, 11, 2, 0, 0
601881, 10671, 11, 3, 0, 0
601881, 10671, 12, 1, 0, 0
601881, 10671, 12, 2, 0, 0
601881, 10671, 12, 3, 0, 0
601881, 10671, 13, 1, 0, 0
601881, 10671, 13, 2, 0, 0
601881, 10671, 13, 3, 0, 0
601881, 10671, 15, 1, 0, 0
601881, 10671, 15, 2, 0, 0
601881, 10671, 15, 3, 0, 0
601881, 10671, 16, 1, 0, 0
601881, 10671, 16, 2, 0, 0
601881, 10671, 16, 3, 0, 0
601881, 10671, 17, 1, 0, 0
601881, 10671, 17, 2, 0, 0
601881, 10671, 17, 3, 0, 0
601881, 10671, 18, 1, 0, 0
601881, 10671, 18, 2, 0, 0
601881, 10671, 18, 3, 0, 0
201358, 10671, 0, 1, 0, 0
201358, 10671, 0, 2, 0, 0
201358, 10671, 0, 3, 0, 0
201358, 10671, 1, 1, 0, 0
201358, 10671, 1, 2, 0, 0
201358, 10671, 1, 3, 0, 0
201358, 10671, 2, 1, 0, 0
201358, 10671, 2, 2, 0, 0
201358, 10671, 2, 3, 0, 0
201358, 10671, 3, 1, 0, 0
201358, 10671, 3, 2, 0, 0
201358, 10671, 3, 3, 0, 0
201358, 10671, 4, 1, 0, 0
201358, 10671, 4, 2, 0, 0
201358, 10671, 4, 3, 0, 0
201358, 10671, 5, 1, 0, 0
201358, 10671, 5, 2, 0, 0
201358, 10671, 5, 3, 0, 0
201358, 10671, 6, 1, 0, 0
201358, 10671, 6, 2, 0, 0
201358, 10671, 6, 3, 0, 0
201358, 10671, 7, 1, 0, 0
201358, 10671, 7, 2, 0, 0
201358, 10671, 7, 3, 0, 0
201358, 10671, 8, 1, 0, 0
201358, 10671, 8, 2, 0, 0
201358, 10671, 8, 3, 0, 0
201358, 10671, 9, 1, 0, 0
201358, 10671, 9, 2, 0, 0
201358, 10671, 9, 3, 0, 0
201358, 10671, 10, 1, 0, 0
201358, 10671, 10, 2, 0, 0
201358, 10671, 10, 3, 0, 0
201358, 10671, 11, 1, 0, 0
201358, 10671, 11, 2, 0, 0
201358, 10671, 11, 3, 0, 0
201358, 10671, 12, 1, 0, 0
201358, 10671, 12, 2, 0, 0
201358, 10671, 12, 3, 0, 0
201358, 10671, 13, 1, 0, 0
201358, 10671, 13, 2, 0, 0
201358, 10671, 13, 3, 0, 0
201358, 10671, 15, 1, 0, 0
201358, 10671, 15, 2, 0, 0
201358, 10671, 15, 3, 0, 0
201358, 10671, 16, 1, 0, 0
201358, 10671, 16, 2, 0, 0
201358, 10671, 16, 3, 0, 0
201358, 10671, 17, 1, 0, 0
201358, 10671, 17, 2, 0, 0
201358, 10671, 17, 3, 0, 0
201358, 10671, 18, 1, 0, 0
201358, 10671, 18, 2, 0, 0
201358, 10671, 18, 3, 0, 0
EnvC2, 10671, 0, 1, 0, NA
EnvC2, 10671, 0, 2, 0, NA
EnvC2, 10671, 0, 3, 0, NA
EnvC2, 10671, 1, 1, 300, NA
EnvC2, 10671, 1, 2, 600, NA
EnvC2, 10671, 1, 3, 100, NA
EnvC2, 10671, 2, 1, 10000, NA
EnvC2, 10671, 2, 2, 12000, NA
EnvC2, 10671, 2, 3, 10000, NA
EnvC2, 10671, 3, 1, 20000, NA
EnvC2, 10671, 3, 2, 10000, NA
EnvC2, 10671, 3, 3, 8000, NA
EnvC2, 10671, 4, 1, 400, NA
EnvC2, 10671, 4, 2, 400, NA
EnvC2, 10671, 4, 3, 0, NA
EnvC2, 10671, 5, 1, 600, NA
EnvC2, 10671, 5, 2, 100, NA
EnvC2, 10671, 5, 3, 600, NA
EnvC2, 10671, 6, 1, 400, NA
EnvC2, 10671, 6, 2, 400, NA
EnvC2, 10671, 6, 3, 200, NA
EnvC2, 10671, 7, 1, 900, NA
EnvC2, 10671, 7, 2, 200, NA
EnvC2, 10671, 7, 3, 0, NA
EnvC2, 10671, 8, 1, 300, NA
EnvC2, 10671, 8, 2, 300, NA
EnvC2, 10671, 8, 3, 0, NA
EnvC2, 10671, 9, 1, 100, NA
EnvC2, 10671, 9, 2, 0, NA
EnvC2, 10671, 9, 3, 0, NA
EnvC2, 10671, 10, 1, 0, 0
EnvC2, 10671, 10, 2, 0, 0
EnvC2, 10671, 10, 3, 0, 0
EnvC2, 10671, 11, 1, 0, 0
EnvC2, 10671, 11, 2, 0, 0
EnvC2, 10671, 11, 3, 0, 0
EnvC2, 10671, 12, 1, 0, 0
EnvC2, 10671, 12, 2, 0, 0
EnvC2, 10671, 12, 3, 0, 0
EnvC2, 10671, 13, 1, 0, 0
EnvC2, 10671, 13, 2, 0, 0
EnvC2, 10671, 13, 3, 0, 0
EnvC2, 10671, 15, 1, 0, 0
EnvC2, 10671, 15, 2, 0, 0
EnvC2, 10671, 15, 3, 0, 0
EnvC2, 10671, 16, 1, 0, 0
EnvC2, 10671, 16, 2, 0, 0
EnvC2, 10671, 16, 3, 0, 0
EnvC2, 10671, 17, 1, 0, 0
EnvC2, 10671, 17, 2, 0, 0
EnvC2, 10671, 17, 3, 0, 0
EnvC2, 10671, 18, 1, 0, 0
EnvC2, 10671, 18, 2, 0, 0
EnvC2, 10671, 18, 3, 0, 0
203522, 10671, 0, 1, 0, 0
203522, 10671, 0, 2, 0, 0
203522, 10671, 0, 3, 0, 0
203522, 10671, 1, 1, 0, 0
203522, 10671, 1, 2, 0, 0
203522, 10671, 1, 3, 0, 0
203522, 10671, 2, 1, 0, 0
203522, 10671, 2, 2, 0, 0
203522, 10671, 2, 3, 0, 0
203522, 10671, 3, 1, 0, 0
203522, 10671, 3, 2, 0, 0
203522, 10671, 3, 3, 0, 0
203522, 10671, 4, 1, 0, 0
203522, 10671, 4, 2, 0, 0
203522, 10671, 4, 3, 0, 0
203522, 10671, 5, 1, 0, 0
203522, 10671, 5, 2, 0, 0
203522, 10671, 5, 3, 0, 0
203522, 10671, 6, 1, 0, 0
203522, 10671, 6, 2, 0, 0
203522, 10671, 6, 3, 0, 0
203522, 10671, 7, 1, 0, 0
203522, 10671, 7, 2, 0, 0
203522, 10671, 7, 3, 0, 0
203522, 10671, 8, 1, 0, 0
203522, 10671, 8, 2, 0, 0
203522, 10671, 8, 3, 0, 0
203522, 10671, 9, 1, 0, 0
203522, 10671, 9, 2, 0, 0
203522, 10671, 9, 3, 0, 0
203522, 10671, 10, 1, 0, 0
203522, 10671, 10, 2, 0, 0
203522, 10671, 10, 3, 0, 0
203522, 10671, 11, 1, 0, 0
203522, 10671, 11, 2, 0, 0
203522, 10671, 11, 3, 0, 0
203522, 10671, 12, 1, 0, 0
203522, 10671, 12, 2, 0, 0
203522, 10671, 12, 3, 0, 0
203522, 10671, 13, 1, 0, 0
203522, 10671, 13, 2, 0, 0
203522, 10671, 13, 3, 0, 0
203522, 10671, 15, 1, 0, 0
203522, 10671, 15, 2, 0, 0
203522, 10671, 15, 3, 0, 0
203522, 10671, 16, 1, 0, 0
203522, 10671, 16, 2, 0, 0
203522, 10671, 16, 3, 0, 0
203522, 10671, 17, 1, 0, 0
203522, 10671, 17, 2, 0, 0
203522, 10671, 17, 3, 0, 0
203522, 10671, 18, 1, 0, 0
203522, 10671, 18, 2, 0, 0
203522, 10671, 18, 3, 0, 0 
403517, 10671, 0, 1, 0, 0
403517, 10671, 0, 2, 0, 0
403517, 10671, 0, 3, 0, 0
403517, 10671, 1, 1, 0, 0
403517, 10671, 1, 2, 0, 0
403517, 10671, 1, 3, 0, 0
403517, 10671, 2, 1, 0, 0
403517, 10671, 2, 2, 0, 0
403517, 10671, 2, 3, 0, 0
403517, 10671, 3, 1, 0, 0
403517, 10671, 3, 2, 0, 0
403517, 10671, 3, 3, 0, 0
403517, 10671, 4, 1, 0, 0
403517, 10671, 4, 2, 0, 0
403517, 10671, 4, 3, 0, 0
403517, 10671, 5, 1, 0, 0
403517, 10671, 5, 2, 0, 0
403517, 10671, 5, 3, 0, 0
403517, 10671, 6, 1, 0, 0
403517, 10671, 6, 2, 0, 0
403517, 10671, 6, 3, 0, 0
403517, 10671, 7, 1, 0, 0
403517, 10671, 7, 2, 0, 0
403517, 10671, 7, 3, 0, 0
403517, 10671, 8, 1, 0, 0
403517, 10671, 8, 2, 0, 0
403517, 10671, 8, 3, 0, 0
403517, 10671, 9, 1, 0, 0
403517, 10671, 9, 2, 0, 0
403517, 10671, 9, 3, 0, 0
403517, 10671, 10, 1, 0, 0
403517, 10671, 10, 2, 0, 0
403517, 10671, 10, 3, 0, 0
403517, 10671, 11, 1, 0, 0
403517, 10671, 11, 2, 0, 0
403517, 10671, 11, 3, 0, 0
403517, 10671, 12, 1, 0, 0
403517, 10671, 12, 2, 0, 0
403517, 10671, 12, 3, 0, 0
403517, 10671, 13, 1, 0, 0
403517, 10671, 13, 2, 0, 0
403517, 10671, 13, 3, 0, 0
403517, 10671, 15, 1, 0, 0
403517, 10671, 15, 2, 0, 0
403517, 10671, 15, 3, 0, 0
403517, 10671, 16, 1, 0, 0
403517, 10671, 16, 2, 0, 0
403517, 10671, 16, 3, 0, 0
403517, 10671, 17, 1, 0, 0
403517, 10671, 17, 2, 0, 0
403517, 10671, 17, 3, 0, 0
403517, 10671, 18, 1, 0, 0
403517, 10671, 18, 2, 0, 0
403517, 10671, 18, 3, 0, 0
503525, 10671, 0, 1, 0, 0
503525, 10671, 0, 2, 0, 0
503525, 10671, 0, 3, 0, 0
503525, 10671, 1, 1, 0, 0
503525, 10671, 1, 2, 0, 0
503525, 10671, 1, 3, 0, 0
503525, 10671, 2, 1, 0, 0
503525, 10671, 2, 2, 0, 0
503525, 10671, 2, 3, 0, 0
503525, 10671, 3, 1, 0, 0
503525, 10671, 3, 2, 0, 0
503525, 10671, 3, 3, 0, 0
503525, 10671, 4, 1, 0, 0
503525, 10671, 4, 2, 0, 0
503525, 10671, 4, 3, 0, 0
503525, 10671, 5, 1, 0, 0
503525, 10671, 5, 2, 0, 0
503525, 10671, 5, 3, 0, 0
503525, 10671, 6, 1, 0, 0
503525, 10671, 6, 2, 0, 0
503525, 10671, 6, 3, 0, 0
503525, 10671, 7, 1, 0, 0
503525, 10671, 7, 2, 0, 0
503525, 10671, 7, 3, 0, 0
503525, 10671, 8, 1, 0, 0
503525, 10671, 8, 2, 0, 0
503525, 10671, 8, 3, 0, 0
503525, 10671, 9, 1, 0, 0
503525, 10671, 9, 2, 0, 0
503525, 10671, 9, 3, 0, 0
503525, 10671, 10, 1, 0, 0
503525, 10671, 10, 2, 0, 0
503525, 10671, 10, 3, 0, 0
503525, 10671, 11, 1, 0, 0
503525, 10671, 11, 2, 0, 0
503525, 10671, 11, 3, 0, 0
503525, 10671, 12, 1, 0, 0
503525, 10671, 12, 2, 0, 0
503525, 10671, 12, 3, 0, 0
503525, 10671, 13, 1, 0, 0
503525, 10671, 13, 2, 0, 0
503525, 10671, 13, 3, 0, 0
503525, 10671, 15, 1, 0, 0
503525, 10671, 15, 2, 0, 0
503525, 10671, 15, 3, 0, 0
503525, 10671, 16, 1, 0, 0
503525, 10671, 16, 2, 0, 0
503525, 10671, 16, 3, 0, 0
503525, 10671, 17, 1, 0, 0
503525, 10671, 17, 2, 0, 0
503525, 10671, 17, 3, 0, 0
503525, 10671, 18, 1, 0, 0
503525, 10671, 18, 2, 0, 0
503525, 10671, 18, 3, 0, 0
101876, 10671, 0, 1, 0, 0
101876, 10671, 0, 2, 0, 0
101876, 10671, 0, 3, 0, 0
101876, 10671, 1, 1, 0, 0
101876, 10671, 1, 2, 0, 0
101876, 10671, 1, 3, 0, 0
101876, 10671, 2, 1, 0, 0
101876, 10671, 2, 2, 0, 0
101876, 10671, 2, 3, 0, 0
101876, 10671, 3, 1, 0, 0
101876, 10671, 3, 2, 0, 0
101876, 10671, 3, 3, 0, 0
101876, 10671, 4, 1, 0, 0
101876, 10671, 4, 2, 0, 0
101876, 10671, 4, 3, 0, 0
101876, 10671, 5, 1, 0, 0
101876, 10671, 5, 2, 0, 0
101876, 10671, 5, 3, 0, 0
101876, 10671, 6, 1, 0, 0
101876, 10671, 6, 2, 0, 0
101876, 10671, 6, 3, 0, 0
101876, 10671, 7, 1, 0, 0
101876, 10671, 7, 2, 0, 0
101876, 10671, 7, 3, 0, 0
101876, 10671, 8, 1, 0, 0
101876, 10671, 8, 2, 0, 0
101876, 10671, 8, 3, 0, 0
101876, 10671, 9, 1, 0, 0
101876, 10671, 9, 2, 0, 0
101876, 10671, 9, 3, 0, 0
101876, 10671, 10, 1, 0, 0
101876, 10671, 10, 2, 0, 0
101876, 10671, 10, 3, 0, 0
101876, 10671, 11, 1, 0, 0
101876, 10671, 11, 2, 0, 0
101876, 10671, 11, 3, 0, 0
101876, 10671, 12, 1, 0, 0
101876, 10671, 12, 2, 0, 0
101876, 10671, 12, 3, 0, 0
101876, 10671, 13, 1, 0, 0
101876, 10671, 13, 2, 0, 0
101876, 10671, 13, 3, 0, 0
101876, 10671, 15, 1, 0, 0
101876, 10671, 15, 2, 0, 0
101876, 10671, 15, 3, 0, 0
101876, 10671, 16, 1, 0, 0
101876, 10671, 16, 2, 0, 0
101876, 10671, 16, 3, 0, 0
101876, 10671, 17, 1, 0, 0
101876, 10671, 17, 2, 0, 0
101876, 10671, 17, 3, 0, 0
101876, 10671, 18, 1, 0, 0
101876, 10671, 18, 2, 0, 0
101876, 10671, 18, 3, 0, 0
701356, 10671, 0, 1, 0, 0
701356, 10671, 0, 2, 0, 0
701356, 10671, 0, 3, 0, 0
701356, 10671, 1, 1, 0, 0
701356, 10671, 1, 2, 0, 0
701356, 10671, 1, 3, 0, 0
701356, 10671, 2, 1, 0, 0
701356, 10671, 2, 2, 0, 0
701356, 10671, 2, 3, 0, 0
701356, 10671, 3, 1, 0, 0
701356, 10671, 3, 2, 0, 0
701356, 10671, 3, 3, 0, 0
701356, 10671, 4, 1, 0, 0
701356, 10671, 4, 2, 0, 0
701356, 10671, 4, 3, 0, 0
701356, 10671, 5, 1, 0, 0
701356, 10671, 5, 2, 0, 0
701356, 10671, 5, 3, 0, 0
701356, 10671, 6, 1, 0, 0
701356, 10671, 6, 2, 0, 0
701356, 10671, 6, 3, 0, 0
701356, 10671, 7, 1, 0, 0
701356, 10671, 7, 2, 0, 0
701356, 10671, 7, 3, 0, 0
701356, 10671, 8, 1, 0, 0
701356, 10671, 8, 2, 0, 0
701356, 10671, 8, 3, 0, 0
701356, 10671, 9, 1, 0, 0
701356, 10671, 9, 2, 0, 0
701356, 10671, 9, 3, 0, 0
701356, 10671, 10, 1, 0, 0
701356, 10671, 10, 2, 0, 0
701356, 10671, 10, 3, 0, 0
701356, 10671, 11, 1, 0, 0
701356, 10671, 11, 2, 0, 0
701356, 10671, 11, 3, 0, 0
701356, 10671, 12, 1, 0, 0
701356, 10671, 12, 2, 0, 0
701356, 10671, 12, 3, 0, 0
701356, 10671, 13, 1, 0, 0
701356, 10671, 13, 2, 0, 0
701356, 10671, 13, 3, 0, 0
701356, 10671, 15, 1, 0, 0
701356, 10671, 15, 2, 0, 0
701356, 10671, 15, 3, 0, 0
701356, 10671, 16, 1, 0, 0
701356, 10671, 16, 2, 0, 0
701356, 10671, 16, 3, 0, 0
701356, 10671, 17, 1, 0, 0
701356, 10671, 17, 2, 0, 0
701356, 10671, 17, 3, 0, 0
701356, 10671, 18, 1, 0, 0
701356, 10671, 18, 2, 0, 0
701356, 10671, 18, 3, 0, 0
EnvC3, 10671, 0, 1, 0, NA
EnvC3, 10671, 0, 2, 0, NA
EnvC3, 10671, 0, 3, 0, NA
EnvC3, 10671, 1, 1, 3000, NA
EnvC3, 10671, 1, 2, 4000, NA
EnvC3, 10671, 1, 3, 6000, NA
EnvC3, 10671, 2, 1, 1000, NA
EnvC3, 10671, 2, 2, 4000, NA
EnvC3, 10671, 2, 3, 1000, NA
EnvC3, 10671, 3, 1, 3000, NA
EnvC3, 10671, 3, 2, 0, NA
EnvC3, 10671, 3, 3, 0, NA
EnvC3, 10671, 4, 1, 100, NA
EnvC3, 10671, 4, 2, 0, NA
EnvC3, 10671, 4, 3, 0, NA
EnvC3, 10671, 5, 1, 200, NA
EnvC3, 10671, 5, 2, 0, NA
EnvC3, 10671, 5, 3, 0, NA
EnvC3, 10671, 6, 1, 100, NA
EnvC3, 10671, 6, 2, 0, NA
EnvC3, 10671, 6, 3, 0, NA
EnvC3, 10671, 7, 1, 100, NA
EnvC3, 10671, 7, 2, 200, NA
EnvC3, 10671, 7, 3, 100, NA
EnvC3, 10671, 8, 1, 100, NA
EnvC3, 10671, 8, 2, 0, NA
EnvC3, 10671, 8, 3, 0, NA
EnvC3, 10671, 9, 1, 0, 0
EnvC3, 10671, 9, 2, 0, 0
EnvC3, 10671, 9, 3, 0, 0
EnvC3, 10671, 10, 1, 0, 0
EnvC3, 10671, 10, 2, 0, 0
EnvC3, 10671, 10, 3, 0, 0
EnvC3, 10671, 11, 1, 0, 0
EnvC3, 10671, 11, 2, 0, 0
EnvC3, 10671, 11, 3, 0, 0
EnvC3, 10671, 12, 1, 0, 0
EnvC3, 10671, 12, 2, 0, 0
EnvC3, 10671, 12, 3, 0, 0
EnvC3, 10671, 13, 1, 0, 0
EnvC3, 10671, 13, 2, 0, 0
EnvC3, 10671, 13, 3, 0, 0
EnvC3, 10671, 15, 1, 0, 0
EnvC3, 10671, 15, 2, 0, 0
EnvC3, 10671, 15, 3, 0, 0
EnvC3, 10671, 16, 1, 0, 0
EnvC3, 10671, 16, 2, 0, 0
EnvC3, 10671, 16, 3, 0, 0
EnvC3, 10671, 17, 1, 0, 0
EnvC3, 10671, 17, 2, 0, 0
EnvC3, 10671, 17, 3, 0, 0
EnvC3, 10671, 18, 1, 0, 0
EnvC3, 10671, 18, 2, 0, 0
EnvC3, 10671, 18, 3, 0, 0
201875, 9000 R2.0, 0, 1, 0, NA
201875, 9000 R2.0, 0, 2, 0, NA
201875, 9000 R2.0, 0, 3, 0, NA
201875, 9000 R2.0, 1, 1, 0, 10
201875, 9000 R2.0, 1, 2, 0, 10
201875, 9000 R2.0, 1, 3, 0, 10
201875, 9000 R2.0, 2, 1, 0, 0
201875, 9000 R2.0, 2, 2, 0, 0
201875, 9000 R2.0, 2, 3, 0, 0
201875, 9000 R2.0, 3, 1, 0, 0
201875, 9000 R2.0, 3, 2, 0, 0
201875, 9000 R2.0, 3, 3, 0, 0
201875, 9000 R2.0, 4, 1, 0, 0
201875, 9000 R2.0, 4, 2, 0, 0
201875, 9000 R2.0, 4, 3, 0, 0
201875, 9000 R2.0, 5, 1, 0, 0
201875, 9000 R2.0, 5, 2, 0, 0
201875, 9000 R2.0, 5, 3, 0, 0
201875, 9000 R2.0, 6, 1, 0, 0
201875, 9000 R2.0, 6, 2, 0, 0
201875, 9000 R2.0, 6, 3, 0, 0
201875, 9000 R2.0, 7, 1, 0, 0
201875, 9000 R2.0, 7, 2, 0, 0
201875, 9000 R2.0, 7, 3, 0, 0
201875, 9000 R2.0, 8, 1, 400, NA
201875, 9000 R2.0, 8, 2, 300, NA
201875, 9000 R2.0, 8, 3, 100, NA
201875, 9000 R2.0, 9, 1, 0, 0
201875, 9000 R2.0, 9, 2, 0, 0
201875, 9000 R2.0, 9, 3, 0, 0
201875, 9000 R2.0, 10, 1, 0, 0
201875, 9000 R2.0, 10, 2, 0, 0
201875, 9000 R2.0, 10, 3, 0, 0
201875, 9000 R2.0, 11, 1, 0, 10
201875, 9000 R2.0, 11, 2, 0, 10
201875, 9000 R2.0, 11, 3, 0, 10
201875, 9000 R2.0, 12, 1, 0, 0
201875, 9000 R2.0, 12, 2, 0, 0
201875, 9000 R2.0, 12, 3, 0, 0
201875, 9000 R2.0, 13, 1, 0, 0
201875, 9000 R2.0, 13, 2, 0, 0
201875, 9000 R2.0, 13, 3, 0, 0
201875, 9000 R2.0, 15, 1, 0, 0
201875, 9000 R2.0, 15, 2, 0, 0
201875, 9000 R2.0, 15, 3, 0, 0
201875, 9000 R2.0, 16, 1, 0, 0
201875, 9000 R2.0, 16, 2, 0, 0
201875, 9000 R2.0, 16, 3, 0, 0
201875, 9000 R2.0, 17, 1, 0, NA
201875, 9000 R2.0, 17, 2, 100, NA
201875, 9000 R2.0, 17, 3, 0, NA
201875, 9000 R2.0, 18, 1, 0, NA
201875, 9000 R2.0, 18, 2, 100, NA
201875, 9000 R2.0, 18, 3, 200, NA
603848, 9000 R2.0, 0, 1, 0, NA
603848, 9000 R2.0, 0, 2, 0, NA
603848, 9000 R2.0, 0, 3, 0, NA
603848, 9000 R2.0, 1, 1, 0, 0
603848, 9000 R2.0, 1, 2, 0, 0
603848, 9000 R2.0, 1, 3, 0, 0
603848, 9000 R2.0, 2, 1, 0, 10
603848, 9000 R2.0, 2, 2, 0, 10
603848, 9000 R2.0, 2, 3, 0, 10
603848, 9000 R2.0, 3, 1, 0, 10
603848, 9000 R2.0, 3, 2, 0, 10
603848, 9000 R2.0, 3, 3, 0, 10
603848, 9000 R2.0, 4, 1, 0, 0
603848, 9000 R2.0, 4, 2, 0, 0
603848, 9000 R2.0, 4, 3, 0, 0
603848, 9000 R2.0, 5, 1, 0, 0
603848, 9000 R2.0, 5, 2, 0, 0
603848, 9000 R2.0, 5, 3, 0, 0
603848, 9000 R2.0, 6, 1, 0, 10
603848, 9000 R2.0, 6, 2, 0, 10
603848, 9000 R2.0, 6, 3, 0, 10
603848, 9000 R2.0, 7, 1, 0, 0
603848, 9000 R2.0, 7, 2, 0, 0
603848, 9000 R2.0, 7, 3, 0, 0
603848, 9000 R2.0, 8, 1, 0, 0
603848, 9000 R2.0, 8, 2, 0, 0
603848, 9000 R2.0, 8, 3, 0, 0
603848, 9000 R2.0, 9, 1, 0, 10
603848, 9000 R2.0, 9, 2, 0, 10
603848, 9000 R2.0, 9, 3, 0, 10
603848, 9000 R2.0, 10, 1, 0, 10
603848, 9000 R2.0, 10, 2, 0, 10
603848, 9000 R2.0, 10, 3, 0, 10
603848, 9000 R2.0, 11, 1, 0, 10
603848, 9000 R2.0, 11, 2, 0, 10
603848, 9000 R2.0, 11, 3, 0, 10
603848, 9000 R2.0, 12, 1, 200, NA
603848, 9000 R2.0, 12, 2, 0, NA
603848, 9000 R2.0, 12, 3, 200, NA
603848, 9000 R2.0, 13, 1, 0, NA
603848, 9000 R2.0, 13, 2, 0, NA
603848, 9000 R2.0, 13, 3, 100, NA
603848, 9000 R2.0, 15, 1, 0, 10
603848, 9000 R2.0, 15, 2, 0, 10
603848, 9000 R2.0, 15, 3, 0, 10
603848, 9000 R2.0, 16, 1, 0, NA
603848, 9000 R2.0, 16, 2, 0, NA
603848, 9000 R2.0, 16, 3, 200, NA
603848, 9000 R2.0, 17, 1, 2300, NA
603848, 9000 R2.0, 17, 2, 1300, NA
603848, 9000 R2.0, 17, 3, 1200, NA
603848, 9000 R2.0, 18, 1, 3900, NA
603848, 9000 R2.0, 18, 2, 3800, NA
603848, 9000 R2.0, 18, 3, 3100, NA
601186, 9000 R2.0, 0, 1, 0, NA
601186, 9000 R2.0, 0, 2, 0, NA
601186, 9000 R2.0, 0, 3, 0, NA
601186, 9000 R2.0, 1, 1, 0, 0
601186, 9000 R2.0, 1, 2, 0, 0
601186, 9000 R2.0, 1, 3, 0, 0
601186, 9000 R2.0, 2, 1, 0, 0
601186, 9000 R2.0, 2, 2, 0, 0
601186, 9000 R2.0, 2, 3, 0, 0
601186, 9000 R2.0, 3, 1, 0, 0
601186, 9000 R2.0, 3, 2, 0, 0
601186, 9000 R2.0, 3, 3, 0, 0
601186, 9000 R2.0, 4, 1, 0, 0
601186, 9000 R2.0, 4, 2, 0, 0
601186, 9000 R2.0, 4, 3, 0, 0
601186, 9000 R2.0, 5, 1, 0, 0
601186, 9000 R2.0, 5, 2, 0, 0
601186, 9000 R2.0, 5, 3, 0, 0
601186, 9000 R2.0, 6, 1, 0, 0
601186, 9000 R2.0, 6, 2, 0, 0
601186, 9000 R2.0, 6, 3, 0, 0
601186, 9000 R2.0, 7, 1, 0, 0
601186, 9000 R2.0, 7, 2, 0, 0
601186, 9000 R2.0, 7, 3, 0, 0
601186, 9000 R2.0, 8, 1, 0, 0
601186, 9000 R2.0, 8, 2, 0, 0
601186, 9000 R2.0, 8, 3, 0, 0
601186, 9000 R2.0, 9, 1, 0, 0
601186, 9000 R2.0, 9, 2, 0, 0
601186, 9000 R2.0, 9, 3, 0, 0
601186, 9000 R2.0, 10, 1, 0, 0
601186, 9000 R2.0, 10, 2, 0, 0
601186, 9000 R2.0, 10, 3, 0, 0
601186, 9000 R2.0, 11, 1, 0, 0
601186, 9000 R2.0, 11, 2, 0, 0
601186, 9000 R2.0, 11, 3, 0, 0
601186, 9000 R2.0, 12, 1, 300, NA
601186, 9000 R2.0, 12, 2, 0, NA
601186, 9000 R2.0, 12, 3, 100, NA
601186, 9000 R2.0, 13, 1, 0, NA
601186, 9000 R2.0, 13, 2, 100, NA
601186, 9000 R2.0, 13, 3, 0, NA
601186, 9000 R2.0, 15, 1, 300, NA
601186, 9000 R2.0, 15, 2, 0, NA
601186, 9000 R2.0, 15, 3, 100, NA
601186, 9000 R2.0, 16, 1, 0, 0
601186, 9000 R2.0, 16, 2, 0, 0
601186, 9000 R2.0, 16, 3, 0, 0
601186, 9000 R2.0, 17, 1, 4000, NA
601186, 9000 R2.0, 17, 2, 6400, NA
601186, 9000 R2.0, 17, 3, 5200, NA
601186, 9000 R2.0, 18, 1, 212000, NA
601186, 9000 R2.0, 18, 2, 211000, NA
601186, 9000 R2.0, 18, 3, 224000, NA
201450, 9000 R2.0, 0, 1, 0, NA
201450, 9000 R2.0, 0, 2, 0, NA
201450, 9000 R2.0, 0, 3, 0, NA
201450, 9000 R2.0, 1, 1, 0, 0
201450, 9000 R2.0, 1, 2, 0, 0
201450, 9000 R2.0, 1, 3, 0, 0
201450, 9000 R2.0, 2, 1, 0, 0
201450, 9000 R2.0, 2, 2, 0, 0
201450, 9000 R2.0, 2, 3, 0, 0
201450, 9000 R2.0, 3, 1, 0, 10
201450, 9000 R2.0, 3, 2, 0, 10
201450, 9000 R2.0, 3, 3, 0, 10
201450, 9000 R2.0, 4, 1, 100, NA
201450, 9000 R2.0, 4, 2, 100, NA
201450, 9000 R2.0, 4, 3, 0, NA
201450, 9000 R2.0, 5, 1, 0, 10
201450, 9000 R2.0, 5, 2, 0, 10
201450, 9000 R2.0, 5, 3, 0, 10
201450, 9000 R2.0, 6, 1, 5500, NA
201450, 9000 R2.0, 6, 2, 5800, NA
201450, 9000 R2.0, 6, 3, 5000, NA
201450, 9000 R2.0, 7, 1, 36000, NA
201450, 9000 R2.0, 7, 2, 27000, NA
201450, 9000 R2.0, 7, 3, 33000, NA
201450, 9000 R2.0, 8, 1, 17000, NA
201450, 9000 R2.0, 8, 2, 24000, NA
201450, 9000 R2.0, 8, 3, 14000, NA
201450, 9000 R2.0, 9, 1, 43000, NA
201450, 9000 R2.0, 9, 2, 50000, NA
201450, 9000 R2.0, 9, 3, 49000, NA
201450, 9000 R2.0, 10, 1, 275000, NA
201450, 9000 R2.0, 10, 2, 298000, NA
201450, 9000 R2.0, 10, 3, 297000, NA
201450, 9000 R2.0, 11, 1, 80000, NA
201450, 9000 R2.0, 11, 2, 50000, NA
201450, 9000 R2.0, 11, 3, 50000, NA
201450, 9000 R2.0, 12, 1, 128000, NA
201450, 9000 R2.0, 12, 2, 118000, NA
201450, 9000 R2.0, 12, 3, 121000, NA
201450, 9000 R2.0, 13, 1, 20000, NA
201450, 9000 R2.0, 13, 2, 10000, NA
201450, 9000 R2.0, 13, 3, 20000, NA
201450, 9000 R2.0, 15, 1, 301000, NA
201450, 9000 R2.0, 15, 2, 279000, NA
201450, 9000 R2.0, 15, 3, 403000, NA
201450, 9000 R2.0, 16, 1, 20000, NA
201450, 9000 R2.0, 16, 2, 0, NA
201450, 9000 R2.0, 16, 3, 10000, NA
201450, 9000 R2.0, 17, 1, 1000, NA
201450, 9000 R2.0, 17, 2, 2000, NA
201450, 9000 R2.0, 17, 3, 0, NA
201450, 9000 R2.0, 18, 1, 0, NA
201450, 9000 R2.0, 18, 2, 100, NA
201450, 9000 R2.0, 18, 3, 500, NA
102142, 9000 R2.0, 0, 1, 0, NA
102142, 9000 R2.0, 0, 2, 0, NA
102142, 9000 R2.0, 0, 3, 0, NA
102142, 9000 R2.0, 1, 1, 0, 10
102142, 9000 R2.0, 1, 2, 0, 10
102142, 9000 R2.0, 1, 3, 0, 10
102142, 9000 R2.0, 2, 1, 0, 0
102142, 9000 R2.0, 2, 2, 0, 0
102142, 9000 R2.0, 2, 3, 0, 0
102142, 9000 R2.0, 3, 1, 100, NA
102142, 9000 R2.0, 3, 2, 0, NA
102142, 9000 R2.0, 3, 3, 0, NA
102142, 9000 R2.0, 4, 1, 0, 0
102142, 9000 R2.0, 4, 2, 0, 0
102142, 9000 R2.0, 4, 3, 0, 0
102142, 9000 R2.0, 5, 1, 0, 10
102142, 9000 R2.0, 5, 2, 0, 10
102142, 9000 R2.0, 5, 3, 0, 10
102142, 9000 R2.0, 6, 1, 0, 0
102142, 9000 R2.0, 6, 2, 0, 0
102142, 9000 R2.0, 6, 3, 0, 0
102142, 9000 R2.0, 7, 1, 0, 0
102142, 9000 R2.0, 7, 2, 0, 0
102142, 9000 R2.0, 7, 3, 0, 0
102142, 9000 R2.0, 8, 1, 0, 0
102142, 9000 R2.0, 8, 2, 0, 0
102142, 9000 R2.0, 8, 3, 0, 0
102142, 9000 R2.0, 9, 1, 0, 0
102142, 9000 R2.0, 9, 2, 0, 0
102142, 9000 R2.0, 9, 3, 0, 0
102142, 9000 R2.0, 10, 1, 0, 10
102142, 9000 R2.0, 10, 2, 0, 10
102142, 9000 R2.0, 10, 3, 0, 10
102142, 9000 R2.0, 11, 1, 0, NA
102142, 9000 R2.0, 11, 2, 100, NA
102142, 9000 R2.0, 11, 3, 0, NA
102142, 9000 R2.0, 12, 1, 200, NA
102142, 9000 R2.0, 12, 2, 0, NA
102142, 9000 R2.0, 12, 3, 0, NA
102142, 9000 R2.0, 13, 1, 0, NA
102142, 9000 R2.0, 13, 2, 0, NA
102142, 9000 R2.0, 13, 3, 300, NA
102142, 9000 R2.0, 15, 1, 82400, NA
102142, 9000 R2.0, 15, 2, 92800, NA
102142, 9000 R2.0, 15, 3, 88800, NA
102142, 9000 R2.0, 16, 1, 110000, NA
102142, 9000 R2.0, 16, 2, 90000, NA
102142, 9000 R2.0, 16, 3, 20000, NA
102142, 9000 R2.0, 17, 1, 1000, NA
102142, 9000 R2.0, 17, 2, 3000, NA
102142, 9000 R2.0, 17, 3, 2000, NA
102142, 9000 R2.0, 18, 1, 35500, NA
102142, 9000 R2.0, 18, 2, 30300, NA
102142, 9000 R2.0, 18, 3, 32900, NA
EnvC2, 9000 R2.0, 0, 1, 0, NA
EnvC2, 9000 R2.0, 0, 2, 0, NA
EnvC2, 9000 R2.0, 0, 3, 0, NA
EnvC2, 9000 R2.0, 1, 1, 870000, NA
EnvC2, 9000 R2.0, 1, 2, 940000, NA
EnvC2, 9000 R2.0, 1, 3, 930000, NA
EnvC2, 9000 R2.0, 2, 1, 370000, NA
EnvC2, 9000 R2.0, 2, 2, 270000, NA
EnvC2, 9000 R2.0, 2, 3, 290000, NA
EnvC2, 9000 R2.0, 3, 1, 3000, NA
EnvC2, 9000 R2.0, 3, 2, 11000, NA
EnvC2, 9000 R2.0, 3, 3, 5000, NA
EnvC2, 9000 R2.0, 4, 1, 47000, NA
EnvC2, 9000 R2.0, 4, 2, 45000, NA
EnvC2, 9000 R2.0, 4, 3, 46000, NA
EnvC2, 9000 R2.0, 5, 1, 52000, NA
EnvC2, 9000 R2.0, 5, 2, 53000, NA
EnvC2, 9000 R2.0, 5, 3, 48000, NA
EnvC2, 9000 R2.0, 6, 1, 21000, NA
EnvC2, 9000 R2.0, 6, 2, 19000, NA
EnvC2, 9000 R2.0, 6, 3, 22000, NA
EnvC2, 9000 R2.0, 7, 1, 22000, NA
EnvC2, 9000 R2.0, 7, 2, 23000, NA
EnvC2, 9000 R2.0, 7, 3, 22000, NA
EnvC2, 9000 R2.0, 8, 1, 23000, NA
EnvC2, 9000 R2.0, 8, 2, 29000, NA
EnvC2, 9000 R2.0, 8, 3, 43000, NA
EnvC2, 9000 R2.0, 9, 1, 18000, NA
EnvC2, 9000 R2.0, 9, 2, 37000, NA
EnvC2, 9000 R2.0, 9, 3, 42000, NA
EnvC2, 9000 R2.0, 10, 1, 44000, NA
EnvC2, 9000 R2.0, 10, 2, 33000, NA
EnvC2, 9000 R2.0, 10, 3, 38000, NA
EnvC2, 9000 R2.0, 11, 1, 44000, NA
EnvC2, 9000 R2.0, 11, 2, 25000, NA
EnvC2, 9000 R2.0, 11, 3, 44000, NA
EnvC2, 9000 R2.0, 12, 1, 37000, NA
EnvC2, 9000 R2.0, 12, 2, 42000, NA
EnvC2, 9000 R2.0, 12, 3, 47000, NA
EnvC2, 9000 R2.0, 13, 1, 10000, NA
EnvC2, 9000 R2.0, 13, 2, 20000, NA
EnvC2, 9000 R2.0, 13, 3, 17000, NA
EnvC2, 9000 R2.0, 15, 1, 48000, NA
EnvC2, 9000 R2.0, 15, 2, 49000, NA
EnvC2, 9000 R2.0, 15, 3, 36000, NA
EnvC2, 9000 R2.0, 16, 1, 95000, NA
EnvC2, 9000 R2.0, 16, 2, 115000, NA
EnvC2, 9000 R2.0, 16, 3, 84000, NA
EnvC2, 9000 R2.0, 17, 1, 540000, NA
EnvC2, 9000 R2.0, 17, 2, 560000, NA
EnvC2, 9000 R2.0, 17, 3, 510000, NA
EnvC2, 9000 R2.0, 18, 1, 30000, NA
EnvC2, 9000 R2.0, 18, 2, 100000, NA
EnvC2, 9000 R2.0, 18, 3, 40000, NA
403446, 9000 R2.0, 0, 1, 0, NA
403446, 9000 R2.0, 0, 2, 0, NA
403446, 9000 R2.0, 0, 3, 0, NA
403446, 9000 R2.0, 1, 1, 0, 0
403446, 9000 R2.0, 1, 2, 0, 0
403446, 9000 R2.0, 1, 3, 0, 0
403446, 9000 R2.0, 2, 1, 0, 0
403446, 9000 R2.0, 2, 2, 0, 0
403446, 9000 R2.0, 2, 3, 0, 0
403446, 9000 R2.0, 3, 1, 100, NA
403446, 9000 R2.0, 3, 2, 0, NA
403446, 9000 R2.0, 3, 3, 0, NA
403446, 9000 R2.0, 4, 1, 100, NA
403446, 9000 R2.0, 4, 2, 0, NA
403446, 9000 R2.0, 4, 3, 200, NA
403446, 9000 R2.0, 5, 1, 2300, NA
403446, 9000 R2.0, 5, 2, 2700, NA
403446, 9000 R2.0, 5, 3, 2200, NA
403446, 9000 R2.0, 6, 1, 180000, NA
403446, 9000 R2.0, 6, 2, 242400, NA
403446, 9000 R2.0, 6, 3, 208400, NA
403446, 9000 R2.0, 7, 1, 1640000, NA
403446, 9000 R2.0, 7, 2, 1010000, NA
403446, 9000 R2.0, 7, 3, 1330000, NA
403446, 9000 R2.0, 8, 1, 800000, NA
403446, 9000 R2.0, 8, 2, 1100000, NA
403446, 9000 R2.0, 8, 3, 400000, NA
403446, 9000 R2.0, 9, 1, 10000, NA
403446, 9000 R2.0, 9, 2, 10000, NA
403446, 9000 R2.0, 9, 3, 10000, NA
403446, 9000 R2.0, 10, 1, 0, NA
403446, 9000 R2.0, 10, 2, 0, NA
403446, 9000 R2.0, 10, 3, 2000, NA
403446, 9000 R2.0, 11, 1, 700, NA
403446, 9000 R2.0, 11, 2, 700, NA
403446, 9000 R2.0, 11, 3, 400, NA
403446, 9000 R2.0, 12, 1, 200, NA
403446, 9000 R2.0, 12, 2, 400, NA
403446, 9000 R2.0, 12, 3, 500, NA
403446, 9000 R2.0, 13, 1, 200, NA
403446, 9000 R2.0, 13, 2, 100, NA
403446, 9000 R2.0, 13, 3, 200, NA
403446, 9000 R2.0, 15, 1, 100, NA
403446, 9000 R2.0, 15, 2, 0, NA
403446, 9000 R2.0, 15, 3, 300, NA
403446, 9000 R2.0, 16, 1, 100, NA
403446, 9000 R2.0, 16, 2, 400, NA
403446, 9000 R2.0, 16, 3, 400, NA
403446, 9000 R2.0, 17, 1, 200, NA
403446, 9000 R2.0, 17, 2, 100, NA
403446, 9000 R2.0, 17, 3, 0, NA
403446, 9000 R2.0, 18, 1, 600, NA
403446, 9000 R2.0, 18, 2, 600, NA
403446, 9000 R2.0, 18, 3, 400, NA
402145, 9000 R2.0, 0, 1, 0, NA
402145, 9000 R2.0, 0, 2, 0, NA
402145, 9000 R2.0, 0, 3, 0, NA
402145, 9000 R2.0, 1, 1, 0, 0
402145, 9000 R2.0, 1, 2, 0, 0
402145, 9000 R2.0, 1, 3, 0, 0
402145, 9000 R2.0, 2, 1, 0, 0
402145, 9000 R2.0, 2, 2, 0, 0
402145, 9000 R2.0, 2, 3, 0, 0
402145, 9000 R2.0, 3, 1, 0, 10
402145, 9000 R2.0, 3, 2, 0, 10
402145, 9000 R2.0, 3, 3, 0, 10
402145, 9000 R2.0, 4, 1, 0, 10
402145, 9000 R2.0, 4, 2, 0, 10
402145, 9000 R2.0, 4, 3, 0, 10
402145, 9000 R2.0, 5, 1, 0, 10
402145, 9000 R2.0, 5, 2, 0, 10
402145, 9000 R2.0, 5, 3, 0, 10
402145, 9000 R2.0, 6, 1, 200, NA
402145, 9000 R2.0, 6, 2, 200, NA
402145, 9000 R2.0, 6, 3, 100, NA
402145, 9000 R2.0, 7, 1, 0, 10
402145, 9000 R2.0, 7, 2, 0, 10
402145, 9000 R2.0, 7, 3, 0, 10
402145, 9000 R2.0, 8, 1, 0, NA
402145, 9000 R2.0, 8, 2, 200, NA
402145, 9000 R2.0, 8, 3, 100, NA
402145, 9000 R2.0, 9, 1, 0, NA
402145, 9000 R2.0, 9, 2, 0, NA
402145, 9000 R2.0, 9, 3, 300, NA
402145, 9000 R2.0, 10, 1, 200, NA
402145, 9000 R2.0, 10, 2, 400, NA
402145, 9000 R2.0, 10, 3, 300, NA
402145, 9000 R2.0, 11, 1, 2400, NA
402145, 9000 R2.0, 11, 2, 2500, NA
402145, 9000 R2.0, 11, 3, 2000, NA
402145, 9000 R2.0, 12, 1, 2200, NA
402145, 9000 R2.0, 12, 2, 3400, NA
402145, 9000 R2.0, 12, 3, 3400, NA
402145, 9000 R2.0, 13, 1, 3900, NA
402145, 9000 R2.0, 13, 2, 3300, NA
402145, 9000 R2.0, 13, 3, 2800, NA
402145, 9000 R2.0, 15, 1, 82600, NA
402145, 9000 R2.0, 15, 2, 79200, NA
402145, 9000 R2.0, 15, 3, 92200, NA
402145, 9000 R2.0, 16, 1, 10000, NA
402145, 9000 R2.0, 16, 2, 20000, NA
402145, 9000 R2.0, 16, 3, 10000, NA
402145, 9000 R2.0, 17, 1, 43000, NA
402145, 9000 R2.0, 17, 2, 51000, NA
402145, 9000 R2.0, 17, 3, 50000, NA
402145, 9000 R2.0, 18, 1, 115000, NA
402145, 9000 R2.0, 18, 2, 94000, NA
402145, 9000 R2.0, 18, 3, 94000, NA
703947, 9000 R2.0, 0, 1, 0, NA
703947, 9000 R2.0, 0, 2, 0, NA
703947, 9000 R2.0, 0, 3, 0, NA
703947, 9000 R2.0, 1, 1, 0, 0
703947, 9000 R2.0, 1, 2, 0, 0
703947, 9000 R2.0, 1, 3, 0, 0
703947, 9000 R2.0, 2, 1, 0, NA
703947, 9000 R2.0, 2, 2, 100, NA
703947, 9000 R2.0, 2, 3, 200, NA
703947, 9000 R2.0, 3, 1, 400, NA
703947, 9000 R2.0, 3, 2, 300, NA
703947, 9000 R2.0, 3, 3, 300, NA
703947, 9000 R2.0, 4, 1, 600, NA
703947, 9000 R2.0, 4, 2, 900, NA
703947, 9000 R2.0, 4, 3, 500, NA
703947, 9000 R2.0, 5, 1, 100, NA
703947, 9000 R2.0, 5, 2, 0, NA
703947, 9000 R2.0, 5, 3, 0, NA
703947, 9000 R2.0, 6, 1, 300, NA
703947, 9000 R2.0, 6, 2, 700, NA
703947, 9000 R2.0, 6, 3, 500, NA
703947, 9000 R2.0, 7, 1, 300, NA
703947, 9000 R2.0, 7, 2, 200, NA
703947, 9000 R2.0, 7, 3, 100, NA
703947, 9000 R2.0, 8, 1, 900, NA
703947, 9000 R2.0, 8, 2, 700, NA
703947, 9000 R2.0, 8, 3, 700, NA
703947, 9000 R2.0, 9, 1, 300, NA
703947, 9000 R2.0, 9, 2, 400, NA
703947, 9000 R2.0, 9, 3, 100, NA
703947, 9000 R2.0, 10, 1, 300, NA
703947, 9000 R2.0, 10, 2, 0, NA
703947, 9000 R2.0, 10, 3, 0, NA
703947, 9000 R2.0, 11, 1, 200, NA
703947, 9000 R2.0, 11, 2, 100, NA
703947, 9000 R2.0, 11, 3, 0, NA
703947, 9000 R2.0, 12, 1, 3000, NA
703947, 9000 R2.0, 12, 2, 3800, NA
703947, 9000 R2.0, 12, 3, 2700, NA
703947, 9000 R2.0, 13, 1, 1000, NA
703947, 9000 R2.0, 13, 2, 600, NA
703947, 9000 R2.0, 13, 3, 700, NA
703947, 9000 R2.0, 15, 1, 900, NA
703947, 9000 R2.0, 15, 2, 200, NA
703947, 9000 R2.0, 15, 3, 200, NA
703947, 9000 R2.0, 16, 1, 0, NA
703947, 9000 R2.0, 16, 2, 400, NA
703947, 9000 R2.0, 16, 3, 200, NA
703947, 9000 R2.0, 17, 1, 0, 10
703947, 9000 R2.0, 17, 2, 0, 10
703947, 9000 R2.0, 17, 3, 0, 10
703947, 9000 R2.0, 18, 1, 400, NA
703947, 9000 R2.0, 18, 2, 400, NA
703947, 9000 R2.0, 18, 3, 100, NA
301869, 9000 R2.0, 0, 1, 0, NA
301869, 9000 R2.0, 0, 2, 0, NA
301869, 9000 R2.0, 0, 3, 0, NA
301869, 9000 R2.0, 1, 1, 0, 10
301869, 9000 R2.0, 1, 2, 0, 10
301869, 9000 R2.0, 1, 3, 0, 10
301869, 9000 R2.0, 2, 1, 0, NA
301869, 9000 R2.0, 2, 2, 100, NA
301869, 9000 R2.0, 2, 3, 0, NA
301869, 9000 R2.0, 3, 1, 200, NA
301869, 9000 R2.0, 3, 2, 0, NA
301869, 9000 R2.0, 3, 3, 0, NA
301869, 9000 R2.0, 4, 1, 0, 10
301869, 9000 R2.0, 4, 2, 0, 10
301869, 9000 R2.0, 4, 3, 0, 10
301869, 9000 R2.0, 5, 1, 300, NA
301869, 9000 R2.0, 5, 2, 200, NA
301869, 9000 R2.0, 5, 3, 600, NA
301869, 9000 R2.0, 6, 1, 2900, NA
301869, 9000 R2.0, 6, 2, 4000, NA
301869, 9000 R2.0, 6, 3, 3400, NA
301869, 9000 R2.0, 7, 1, 500, NA
301869, 9000 R2.0, 7, 2, 600, NA
301869, 9000 R2.0, 7, 3, 300, NA
301869, 9000 R2.0, 8, 1, 100, NA
301869, 9000 R2.0, 8, 2, 100, NA
301869, 9000 R2.0, 8, 3, 0, NA
301869, 9000 R2.0, 9, 1, 0, NA
301869, 9000 R2.0, 9, 2, 0, NA
301869, 9000 R2.0, 9, 3, 200, NA
301869, 9000 R2.0, 10, 1, 0, NA
301869, 9000 R2.0, 10, 2, 100, NA
301869, 9000 R2.0, 10, 3, 0, NA
301869, 9000 R2.0, 11, 1, 0, NA
301869, 9000 R2.0, 11, 2, 100, NA
301869, 9000 R2.0, 11, 3, 0, NA
301869, 9000 R2.0, 12, 1, 0, 10
301869, 9000 R2.0, 12, 2, 0, 10
301869, 9000 R2.0, 12, 3, 0, 10
301869, 9000 R2.0, 13, 1, 100, NA
301869, 9000 R2.0, 13, 2, 0, NA
301869, 9000 R2.0, 13, 3, 0, NA
301869, 9000 R2.0, 15, 1, 0, NA
301869, 9000 R2.0, 15, 2, 0, NA
301869, 9000 R2.0, 15, 3, 200, NA
301869, 9000 R2.0, 16, 1, 0, 10
301869, 9000 R2.0, 16, 2, 0, 10
301869, 9000 R2.0, 16, 3, 0, 10
301869, 9000 R2.0, 17, 1, 0, 10
301869, 9000 R2.0, 17, 2, 0, 10
301869, 9000 R2.0, 17, 3, 0, 10
301869, 9000 R2.0, 18, 1, 0, 0
301869, 9000 R2.0, 18, 2, 0, 0
301869, 9000 R2.0, 18, 3, 0, 0
101449, 9000 R2.0, 0, 1, 0, NA
101449, 9000 R2.0, 0, 2, 0, NA
101449, 9000 R2.0, 0, 3, 0, NA
101449, 9000 R2.0, 1, 1, 0, 0
101449, 9000 R2.0, 1, 2, 0, 0
101449, 9000 R2.0, 1, 3, 0, 0
101449, 9000 R2.0, 2, 1, 0, 0
101449, 9000 R2.0, 2, 2, 0, 0
101449, 9000 R2.0, 2, 3, 0, 0
101449, 9000 R2.0, 3, 1, 0, 10
101449, 9000 R2.0, 3, 2, 0, 10
101449, 9000 R2.0, 3, 3, 0, 10
101449, 9000 R2.0, 4, 1, 200, NA
101449, 9000 R2.0, 4, 2, 0, NA
101449, 9000 R2.0, 4, 3, 100, NA
101449, 9000 R2.0, 5, 1, 4300, NA
101449, 9000 R2.0, 5, 2, 5500, NA
101449, 9000 R2.0, 5, 3, 5200, NA
101449, 9000 R2.0, 6, 1, 10200, NA
101449, 9000 R2.0, 6, 2, 8300, NA
101449, 9000 R2.0, 6, 3, 10300, NA
101449, 9000 R2.0, 7, 1, 80000, NA
101449, 9000 R2.0, 7, 2, 71000, NA
101449, 9000 R2.0, 7, 3, 54000, NA
101449, 9000 R2.0, 8, 1, 20000, NA
101449, 9000 R2.0, 8, 2, 40000, NA
101449, 9000 R2.0, 8, 3, 20000, NA
101449, 9000 R2.0, 9, 1, 94000, NA
101449, 9000 R2.0, 9, 2, 90000, NA
101449, 9000 R2.0, 9, 3, 115000, NA
101449, 9000 R2.0, 10, 1, 33000, NA
101449, 9000 R2.0, 10, 2, 47000, NA
101449, 9000 R2.0, 10, 3, 48000, NA
101449, 9000 R2.0, 11, 1, 15000, NA
101449, 9000 R2.0, 11, 2, 17000, NA
101449, 9000 R2.0, 11, 3, 21000, NA
101449, 9000 R2.0, 12, 1, 220000, NA
101449, 9000 R2.0, 12, 2, 240000, NA
101449, 9000 R2.0, 12, 3, 140000, NA
101449, 9000 R2.0, 13, 1, 30000, NA
101449, 9000 R2.0, 13, 2, 20000, NA
101449, 9000 R2.0, 13, 3, 0, NA
101449, 9000 R2.0, 15, 1, 56000, NA
101449, 9000 R2.0, 15, 2, 61000, NA
101449, 9000 R2.0, 15, 3, 41000, NA
101449, 9000 R2.0, 16, 1, 9000, NA
101449, 9000 R2.0, 16, 2, 6000, NA
101449, 9000 R2.0, 16, 3, 24000, NA
101449, 9000 R2.0, 17, 1, 1800, NA
101449, 9000 R2.0, 17, 2, 1600, NA
101449, 9000 R2.0, 17, 3, 1700, NA
101449, 9000 R2.0, 18, 1, 4700, NA
101449, 9000 R2.0, 18, 2, 3700, NA
101449, 9000 R2.0, 18, 3, 5300, NA
EnvC3, 9000 R2.0, 0, 1, 0, NA
EnvC3, 9000 R2.0, 0, 2, 0, NA
EnvC3, 9000 R2.0, 0, 3, 0, NA
EnvC3, 9000 R2.0, 1, 1, NA, NA
EnvC3, 9000 R2.0, 1, 2, NA, NA
EnvC3, 9000 R2.0, 1, 3, NA, NA
EnvC3, 9000 R2.0, 2, 1, 870000, NA
EnvC3, 9000 R2.0, 2, 2, 700000, NA
EnvC3, 9000 R2.0, 2, 3, 790000, NA
EnvC3, 9000 R2.0, 3, 1, 780000, NA
EnvC3, 9000 R2.0, 3, 2, 980000, NA
EnvC3, 9000 R2.0, 3, 3, 910000, NA
EnvC3, 9000 R2.0, 4, 1, 900000, NA
EnvC3, 9000 R2.0, 4, 2, 840000, NA
EnvC3, 9000 R2.0, 4, 3, 790000, NA
EnvC3, 9000 R2.0, 5, 1, 700000, NA
EnvC3, 9000 R2.0, 5, 2, 840000, NA
EnvC3, 9000 R2.0, 5, 3, 930000, NA
EnvC3, 9000 R2.0, 6, 1, 770000, NA
EnvC3, 9000 R2.0, 6, 2, 800000, NA
EnvC3, 9000 R2.0, 6, 3, 1030000, NA
EnvC3, 9000 R2.0, 7, 1, 580000, NA
EnvC3, 9000 R2.0, 7, 2, 590000, NA
EnvC3, 9000 R2.0, 7, 3, 560000, NA
EnvC3, 9000 R2.0, 8, 1, 60000, NA
EnvC3, 9000 R2.0, 8, 2, 70000, NA
EnvC3, 9000 R2.0, 8, 3, 110000, NA
EnvC3, 9000 R2.0, 9, 1, 130000, NA
EnvC3, 9000 R2.0, 9, 2, 90000, NA
EnvC3, 9000 R2.0, 9, 3, 50000, NA
EnvC3, 9000 R2.0, 10, 1, 50000, NA
EnvC3, 9000 R2.0, 10, 2, 80000, NA
EnvC3, 9000 R2.0, 10, 3, 70000, NA
EnvC3, 9000 R2.0, 11, 1, 20000, NA
EnvC3, 9000 R2.0, 11, 2, 10000, NA
EnvC3, 9000 R2.0, 11, 3, 20000, NA
EnvC3, 9000 R2.0, 12, 1, 6000, NA
EnvC3, 9000 R2.0, 12, 2, 8000, NA
EnvC3, 9000 R2.0, 12, 3, 9000, NA
EnvC3, 9000 R2.0, 13, 1, 3000, NA
EnvC3, 9000 R2.0, 13, 2, 10000, NA
EnvC3, 9000 R2.0, 13, 3, 1000, NA
EnvC3, 9000 R2.0, 15, 1, 6100, NA
EnvC3, 9000 R2.0, 15, 2, 7800, NA
EnvC3, 9000 R2.0, 15, 3, 5300, NA
EnvC3, 9000 R2.0, 16, 1, 4000, NA
EnvC3, 9000 R2.0, 16, 2, 8000, NA
EnvC3, 9000 R2.0, 16, 3, 7000, NA
EnvC3, 9000 R2.0, 17, 1, 7000, NA
EnvC3, 9000 R2.0, 17, 2, 8000, NA
EnvC3, 9000 R2.0, 17, 3, 5000, NA
EnvC3, 9000 R2.0, 18, 1, 7000, NA
EnvC3, 9000 R2.0, 18, 2, 4000, NA
EnvC3, 9000 R2.0, 18, 3, 4000, NA
